SEXE,REG_NAF,data_type,category,NB_POSTES,REMU_TOT_ANNU
F,01_B_S,age,00-29,1442250,25502
F,01_B_S,age,30-39,1598715,35400
F,01_B_S,age,40-49,1650342,38168
F,01_B_S,age,50-59,1519953,36093
F,01_B_S,age,60+,488749,36722
H,01_B_S,age,00-29,1875849,27017
H,01_B_S,age,30-39,2119016,41852
H,01_B_S,age,40-49,2120567,46960
H,01_B_S,age,50-59,2009823,49998
H,01_B_S,age,60+,562359,60822
F,01_B_S,age,E,6700009,34195
H,01_B_S,age,E,8687613,42996
E,01_B_S,age,00-29,3318099,26358
E,01_B_S,age,30-39,3717730,39075
E,01_B_S,age,40-49,3770909,43121
E,01_B_S,age,50-59,3529776,44004
E,01_B_S,age,60+,1051108,49679
E,01_B_S,age,E,15387622,39166
F,02_B_N,age,00-29,1146328,25877
F,02_B_N,age,30-39,1150335,38317
F,02_B_N,age,40-49,1187583,41640
F,02_B_N,age,50-59,1078520,39292
F,02_B_N,age,60+,329473,39782
H,02_B_N,age,00-29,1731948,27315
H,02_B_N,age,30-39,1940917,42803
H,02_B_N,age,40-49,1994562,47567
H,02_B_N,age,50-59,1861909,51033
H,02_B_N,age,60+,483078,63595
F,02_B_N,age,E,4892238,36505
H,02_B_N,age,E,8012413,43792
E,02_B_N,age,00-29,2878276,26743
E,02_B_N,age,30-39,3091252,41132
E,02_B_N,age,40-49,3182145,45364
E,02_B_N,age,50-59,2940428,46725
E,02_B_N,age,60+,812550,54033
E,02_B_N,age,E,12904651,41034
F,03_B_E,age,00-29,122904,26007
F,03_B_E,age,30-39,143178,41828
F,03_B_E,age,40-49,191912,46569
F,03_B_E,age,50-59,224169,41432
F,03_B_E,age,60+,35010,48923
F,07_G_N,age,00-29,1006363,25746
F,07_G_N,age,30-39,985806,37680
F,07_G_N,age,40-49,957690,40823
F,07_G_N,age,50-59,836420,38651
F,07_G_N,age,60+,286530,38254
F,16_O_S,age,00-29,295922,24051
F,16_O_S,age,30-39,448379,27916
F,16_O_S,age,40-49,462759,29346
F,16_O_S,age,50-59,441434,28323
F,16_O_S,age,60+,159277,30513
H,03_B_E,age,00-29,337238,28010
H,03_B_E,age,30-39,462012,41972
H,03_B_E,age,40-49,554922,48225
H,03_B_E,age,50-59,617770,49760
H,03_B_E,age,60+,120870,80784
H,07_G_N,age,00-29,1200645,27211
H,07_G_N,age,30-39,1247692,44218
H,07_G_N,age,40-49,1220537,48262
H,07_G_N,age,50-59,1065046,53126
H,07_G_N,age,60+,304704,61030
H,16_O_S,age,00-29,143901,23416
H,16_O_S,age,30-39,178099,31414
H,16_O_S,age,40-49,126005,37395
H,16_O_S,age,50-59,147915,37054
H,16_O_S,age,60+,79281,43977
F,03_B_E,age,E,717173,40604
F,07_G_N,age,E,4072809,35690
F,16_O_S,age,E,1807771,27977
H,03_B_E,age,E,2092812,45914
H,07_G_N,age,E,5038624,44024
H,16_O_S,age,E,675200,33546
E,03_B_E,age,00-29,460142,27475
E,03_B_E,age,30-39,605190,41938
E,03_B_E,age,40-49,746835,47797
E,03_B_E,age,50-59,841939,47544
E,03_B_E,age,60+,155880,73647
E,07_G_N,age,00-29,2207009,26543
E,07_G_N,age,30-39,2233498,41330
E,07_G_N,age,40-49,2178227,45011
E,07_G_N,age,50-59,1901466,46751
E,07_G_N,age,60+,591234,50094
E,16_O_S,age,00-29,439823,23843
E,16_O_S,age,30-39,626478,28905
E,16_O_S,age,40-49,588764,31069
E,16_O_S,age,50-59,589348,30513
E,16_O_S,age,60+,238558,34987
E,03_B_E,age,E,2809986,44558
E,07_G_N,age,E,9111433,40305
E,16_O_S,age,E,2482971,29489
F,04_BDE,age,00-29,15396,29558
F,04_BDE,age,30-39,18563,53141
F,04_BDE,age,40-49,21654,55978
F,04_BDE,age,50-59,15904,51942
F,04_BDE,age,60+,3875,43334
F,05_C,age,00-29,107508,25499
F,05_C,age,30-39,124615,40162
F,05_C,age,40-49,170258,45372
F,05_C,age,50-59,208266,40627
F,05_C,age,60+,31135,49623
F,06_F,age,00-29,17061,32664
F,06_F,age,30-39,21351,44246
F,06_F,age,40-49,37981,37061
F,06_F,age,50-59,17931,42308
F,06_F,age,60+,7933,53698
F,08_G,age,00-29,340729,22390
F,08_G,age,30-39,248912,32583
F,08_G,age,40-49,258728,37287
F,08_G,age,50-59,197917,37523
F,08_G,age,60+,81192,31619
F,09_H,age,00-29,38068,30248
F,09_H,age,30-39,85701,33109
F,09_H,age,40-49,135638,35796
F,09_H,age,50-59,94466,38873
F,09_H,age,60+,29757,39584
F,10_I,age,00-29,167114,17725
F,10_I,age,30-39,62212,28898
F,10_I,age,40-49,33467,33055
F,10_I,age,50-59,54632,28139
F,10_I,age,60+,15519,32090
F,11_J,age,00-29,60841,37676
F,11_J,age,30-39,83785,47683
F,11_J,age,40-49,50626,60271
F,11_J,age,50-59,45696,58740
F,11_J,age,60+,16788,75684
F,12_K,age,00-29,80876,35026
F,12_K,age,30-39,131123,46135
F,12_K,age,40-49,118918,60557
F,12_K,age,50-59,76951,62720
F,12_K,age,60+,30926,69429
F,13_L,age,00-29,20560,26746
F,13_L,age,30-39,24544,37087
F,13_L,age,40-49,26478,41056
F,13_L,age,50-59,22306,47118
F,13_L,age,60+,9460,37559
F,14_M,age,00-29,134405,32634
F,14_M,age,30-39,156960,48678
F,14_M,age,40-49,119375,54206
F,14_M,age,50-59,97052,53641
F,14_M,age,60+,22258,55787
F,15_N,age,00-29,163771,25080
F,15_N,age,30-39,192567,30138
F,15_N,age,40-49,214459,26320
F,15_N,age,50-59,247398,23946
F,15_N,age,60+,80630,21229
F,17_O,age,00-29,21519,27191
F,17_O,age,30-39,45634,28310
F,17_O,age,40-49,81054,34644
F,17_O,age,50-59,41117,39507
F,17_O,age,60+,10474,48630
F,18_P,age,00-29,6012,20496
F,18_P,age,30-39,10526,28848
F,18_P,age,40-49,10518,34675
F,18_P,age,50-59,7426,28090
F,18_P,age,60+,2329,29924
F,19_Q,age,00-29,207502,24554
F,19_Q,age,30-39,350070,27244
F,19_Q,age,40-49,323263,26822
F,19_Q,age,50-59,331223,26863
F,19_Q,age,60+,121506,29655
F,20_R,age,00-29,34050,19911
F,20_R,age,30-39,16771,33215
F,20_R,age,40-49,17284,45047
F,20_R,age,50-59,10821,38287
F,20_R,age,60+,6122,40706
F,21_S,age,00-29,26840,23692
F,21_S,age,30-39,25379,32589
F,21_S,age,40-49,30641,31254
F,21_S,age,50-59,50846,26692
F,21_S,age,60+,18845,22734
H,04_BDE,age,00-29,45287,31288
H,04_BDE,age,30-39,71751,48535
H,04_BDE,age,40-49,64535,50163
H,04_BDE,age,50-59,75179,51269
H,04_BDE,age,60+,7901,72870
H,05_C,age,00-29,291951,27501
H,05_C,age,30-39,390260,40763
H,05_C,age,40-49,490387,47968
H,05_C,age,50-59,542591,49551
H,05_C,age,60+,112969,81338
H,06_F,age,00-29,194064,26754
H,06_F,age,30-39,231214,36822
H,06_F,age,40-49,219103,41997
H,06_F,age,50-59,179092,43023
H,06_F,age,60+,57504,41072
H,08_G,age,00-29,381471,23020
H,08_G,age,30-39,285522,40930
H,08_G,age,40-49,289099,44607
H,08_G,age,50-59,305559,50315
H,08_G,age,60+,50937,62351
H,09_H,age,00-29,123348,25879
H,09_H,age,30-39,195919,35305
H,09_H,age,40-49,264633,39407
H,09_H,age,50-59,250142,41381
H,09_H,age,60+,71368,38676
H,10_I,age,00-29,159980,19311
H,10_I,age,30-39,53595,33676
H,10_I,age,40-49,56584,36698
H,10_I,age,50-59,56335,38369
H,10_I,age,60+,17634,33129
H,11_J,age,00-29,118512,38102
H,11_J,age,30-39,178932,54418
H,11_J,age,40-49,117277,67266
H,11_J,age,50-59,88218,77009
H,11_J,age,60+,30645,94221
H,12_K,age,00-29,53070,40080
H,12_K,age,30-39,87933,62956
H,12_K,age,40-49,74072,94162
H,12_K,age,50-59,64291,101011
H,12_K,age,60+,22647,115614
H,13_L,age,00-29,10665,30496
H,13_L,age,30-39,12939,48338
H,13_L,age,40-49,24611,48443
H,13_L,age,50-59,22450,50561
H,13_L,age,60+,6061,49905
H,14_M,age,00-29,147635,35404
H,14_M,age,30-39,202161,55851
H,14_M,age,40-49,136973,66594
H,14_M,age,50-59,117844,69782
H,14_M,age,60+,37390,103416
H,15_N,age,00-29,205966,26263
H,15_N,age,30-39,230691,32754
H,15_N,age,40-49,257288,32383
H,15_N,age,50-59,160207,37256
H,15_N,age,60+,68021,34982
H,17_O,age,00-29,2132,31213
H,17_O,age,30-39,9645,35956
H,17_O,age,40-49,11456,42128
H,17_O,age,50-59,20082,37678
H,17_O,age,60+,3033,59044
H,18_P,age,00-29,8526,25470
H,18_P,age,30-39,4253,36860
H,18_P,age,40-49,5730,35077
H,18_P,age,50-59,3578,48122
H,18_P,age,60+,8266,36021
H,19_Q,age,00-29,71883,21019
H,19_Q,age,30-39,109894,26128
H,19_Q,age,40-49,71571,32110
H,19_Q,age,50-59,77686,31495
H,19_Q,age,60+,48181,38962
H,20_R,age,00-29,31961,29995
H,20_R,age,30-39,21730,45657
H,20_R,age,40-49,16291,54802
H,20_R,age,50-59,23330,51278
H,20_R,age,60+,7706,100258
H,21_S,age,00-29,29399,20932
H,21_S,age,30-39,32578,37468
H,21_S,age,40-49,20957,39952
H,21_S,age,50-59,23239,39200
H,21_S,age,60+,12096,29761
F,04_BDE,age,E,75392,48368
F,05_C,age,E,641781,39693
F,06_F,age,E,102256,40038
F,08_G,age,E,1127479,31322
F,09_H,age,E,383631,35600
F,10_I,age,E,332944,23732
F,11_J,age,E,257737,51575
F,12_K,age,E,438794,52550
F,13_L,age,E,103348,38250
F,14_M,age,E,530051,47060
F,15_N,age,E,898825,25802
F,17_O,age,E,199798,34131
F,18_P,age,E,36809,29063
F,19_Q,age,E,1333563,26848
F,20_R,age,E,85048,31476
F,21_S,age,E,152552,27571
H,04_BDE,age,E,264653,47484
H,05_C,age,E,1828159,45686
H,06_F,age,E,880977,37414
H,08_G,age,E,1312588,39550
H,09_H,age,E,905409,37125
H,10_I,age,E,344128,28233
H,11_J,age,E,533584,59640
H,12_K,age,E,302013,78623
H,13_L,age,E,76725,46670
H,14_M,age,E,642003,58747
H,15_N,age,E,922173,32145
H,17_O,age,E,46347,39520
H,18_P,age,E,30353,34423
H,19_Q,age,E,379215,29039
H,20_R,age,E,101018,47637
H,21_S,age,E,118268,33350
E,04_BDE,age,00-29,60683,30849
E,04_BDE,age,30-39,90315,49472
E,04_BDE,age,40-49,86189,51624
E,04_BDE,age,50-59,91083,51387
E,04_BDE,age,60+,11776,63150
E,05_C,age,00-29,399459,26962
E,05_C,age,30-39,514875,40617
E,05_C,age,40-49,660646,47296
E,05_C,age,50-59,750856,47077
E,05_C,age,60+,144104,74508
E,06_F,age,00-29,211125,27232
E,06_F,age,30-39,252565,37451
E,06_F,age,40-49,257084,41262
E,06_F,age,50-59,197023,42957
E,06_F,age,60+,65436,42603
E,08_G,age,00-29,722199,22723
E,08_G,age,30-39,534435,37043
E,08_G,age,40-49,547828,41220
E,08_G,age,50-59,503476,45300
E,08_G,age,60+,132129,43469
E,09_H,age,00-29,161416,26904
E,09_H,age,30-39,281620,34637
E,09_H,age,40-49,400272,38186
E,09_H,age,50-59,344608,40701
E,09_H,age,60+,101124,38905
E,10_I,age,00-29,327094,18501
E,10_I,age,30-39,115807,31107
E,10_I,age,40-49,90051,35344
E,10_I,age,50-59,110967,33333
E,10_I,age,60+,33153,32642
E,11_J,age,00-29,179353,37957
E,11_J,age,30-39,262717,52270
E,11_J,age,40-49,167903,65159
E,11_J,age,50-59,133914,70778
E,11_J,age,60+,47433,87660
E,12_K,age,00-29,133945,37031
E,12_K,age,30-39,219057,52887
E,12_K,age,40-49,192989,73446
E,12_K,age,50-59,141243,80139
E,12_K,age,60+,53573,88947
E,13_L,age,00-29,31224,28024
E,13_L,age,30-39,37483,40977
E,13_L,age,40-49,51089,44605
E,13_L,age,50-59,44755,48848
E,13_L,age,60+,15522,42388
E,14_M,age,00-29,282040,34085
E,14_M,age,30-39,359121,52715
E,14_M,age,40-49,256348,60826
E,14_M,age,50-59,214897,62459
E,14_M,age,60+,59648,85643
E,15_N,age,00-29,369738,25740
E,15_N,age,30-39,423258,31560
E,15_N,age,40-49,471746,29627
E,15_N,age,50-59,407606,29176
E,15_N,age,60+,148651,27516
E,17_O,age,00-29,23651,27554
E,17_O,age,30-39,55279,29646
E,17_O,age,40-49,92510,35571
E,17_O,age,50-59,61199,38907
E,17_O,age,60+,13507,50968
E,18_P,age,00-29,14538,23413
E,18_P,age,30-39,14778,31154
E,18_P,age,40-49,16248,34817
E,18_P,age,50-59,11004,34604
E,18_P,age,60+,10595,34681
E,19_Q,age,00-29,279385,23648
E,19_Q,age,30-39,459963,26980
E,19_Q,age,40-49,394834,27781
E,19_Q,age,50-59,408909,27744
E,19_Q,age,60+,169687,32298
E,20_R,age,00-29,66011,24793
E,20_R,age,30-39,38501,40229
E,20_R,age,40-49,33575,49781
E,20_R,age,50-59,34151,47147
E,20_R,age,60+,13828,73891
E,21_S,age,00-29,56239,22249
E,21_S,age,30-39,57956,35331
E,21_S,age,40-49,51598,34792
E,21_S,age,50-59,74085,30616
E,21_S,age,60+,30941,25481
E,04_BDE,age,E,340045,47679
E,05_C,age,E,2469940,44127
E,06_F,age,E,983233,37688
E,08_G,age,E,2440067,35768
E,09_H,age,E,1289040,36678
E,10_I,age,E,677072,26020
E,11_J,age,E,791321,57014
E,12_K,age,E,740808,63179
E,13_L,age,E,180073,41836
E,14_M,age,E,1172054,53458
E,15_N,age,E,1820998,29012
E,17_O,age,E,246145,35146
E,18_P,age,E,67162,31485
E,19_Q,age,E,1712778,27331
E,20_R,age,E,186066,40242
E,21_S,age,E,270820,30096
F,01_B_S,anciennete,00-05,3711970,29960
F,01_B_S,anciennete,06-09,758616,35409
F,01_B_S,anciennete,10-14,698392,38531
F,01_B_S,anciennete,15-19,577587,39689
F,01_B_S,anciennete,20-29,643000,42070
F,01_B_S,anciennete,30+,310443,45831
H,01_B_S,anciennete,00-05,4626291,35783
H,01_B_S,anciennete,06-09,986912,46460
H,01_B_S,anciennete,10-14,958230,50023
H,01_B_S,anciennete,15-19,701294,51877
H,01_B_S,anciennete,20-29,921943,52957
H,01_B_S,anciennete,30+,492943,59119
F,01_B_S,anciennete,E,6700009,34195
H,01_B_S,anciennete,E,8687613,42996
E,01_B_S,anciennete,00-05,8338261,33194
E,01_B_S,anciennete,06-09,1745528,41649
E,01_B_S,anciennete,10-14,1656622,45174
E,01_B_S,anciennete,15-19,1278882,46367
E,01_B_S,anciennete,20-29,1564944,48489
E,01_B_S,anciennete,30+,803385,54021
E,01_B_S,anciennete,E,15387622,39166
F,02_B_N,anciennete,00-05,2765495,31465
F,02_B_N,anciennete,06-09,502739,39902
F,02_B_N,anciennete,10-14,476622,42893
F,02_B_N,anciennete,15-19,403544,43745
F,02_B_N,anciennete,20-29,499353,44016
F,02_B_N,anciennete,30+,244486,47021
H,02_B_N,anciennete,00-05,4220994,36345
H,02_B_N,anciennete,06-09,928248,47083
H,02_B_N,anciennete,10-14,875274,51593
H,02_B_N,anciennete,15-19,643137,53165
H,02_B_N,anciennete,20-29,873125,53213
H,02_B_N,anciennete,30+,471635,59553
F,02_B_N,anciennete,E,4892238,36505
H,02_B_N,anciennete,E,8012413,43792
E,02_B_N,anciennete,00-05,6986489,34417
E,02_B_N,anciennete,06-09,1430986,44555
E,02_B_N,anciennete,10-14,1351896,48525
E,02_B_N,anciennete,15-19,1046681,49529
E,02_B_N,anciennete,20-29,1372478,49875
E,02_B_N,anciennete,30+,716121,55325
E,02_B_N,anciennete,E,12904651,41034
F,03_B_E,anciennete,00-05,314536,34753
F,03_B_E,anciennete,06-09,77510,43976
F,03_B_E,anciennete,10-14,89585,46080
F,03_B_E,anciennete,15-19,65579,50179
F,03_B_E,anciennete,20-29,103271,45448
F,03_B_E,anciennete,30+,66692,39952
F,07_G_N,anciennete,00-05,2393049,30955
F,07_G_N,anciennete,06-09,409474,39068
F,07_G_N,anciennete,10-14,373320,41948
F,07_G_N,anciennete,15-19,330817,42502
F,07_G_N,anciennete,20-29,390668,43374
F,07_G_N,anciennete,30+,175482,49634
F,16_O_S,anciennete,00-05,946474,25586
F,16_O_S,anciennete,06-09,255878,26584
F,16_O_S,anciennete,10-14,221771,29150
F,16_O_S,anciennete,15-19,174043,30291
F,16_O_S,anciennete,20-29,143648,35368
F,16_O_S,anciennete,30+,65957,41561
H,03_B_E,anciennete,00-05,846180,36335
H,03_B_E,anciennete,06-09,249323,47340
H,03_B_E,anciennete,10-14,238453,57645
H,03_B_E,anciennete,15-19,223635,52611
H,03_B_E,anciennete,20-29,331624,50297
H,03_B_E,anciennete,30+,203597,55816
H,07_G_N,anciennete,00-05,2910040,36938
H,07_G_N,anciennete,06-09,580638,47934
H,07_G_N,anciennete,10-14,505316,51933
H,07_G_N,anciennete,15-19,346100,55213
H,07_G_N,anciennete,20-29,478163,55937
H,07_G_N,anciennete,30+,218367,66728
H,16_O_S,anciennete,00-05,405297,29938
H,16_O_S,anciennete,06-09,58664,36632
H,16_O_S,anciennete,10-14,82956,33208
H,16_O_S,anciennete,15-19,58158,37696
H,16_O_S,anciennete,20-29,48818,48386
H,16_O_S,anciennete,30+,21307,49653
F,03_B_E,anciennete,E,717173,40604
F,07_G_N,anciennete,E,4072809,35690
F,16_O_S,anciennete,E,1807771,27977
H,03_B_E,anciennete,E,2092812,45914
H,07_G_N,anciennete,E,5038624,44024
H,16_O_S,anciennete,E,675200,33546
E,03_B_E,anciennete,00-05,1160716,35907
E,03_B_E,anciennete,06-09,326833,46535
E,03_B_E,anciennete,10-14,328037,54483
E,03_B_E,anciennete,15-19,289214,52059
E,03_B_E,anciennete,20-29,434895,49144
E,03_B_E,anciennete,30+,270289,51906
E,07_G_N,anciennete,00-05,5303089,34244
E,07_G_N,anciennete,06-09,990112,44267
E,07_G_N,anciennete,10-14,878636,47691
E,07_G_N,anciennete,15-19,676916,48990
E,07_G_N,anciennete,20-29,868830,50300
E,07_G_N,anciennete,30+,393849,59183
E,16_O_S,anciennete,00-05,1351772,26889
E,16_O_S,anciennete,06-09,314542,28458
E,16_O_S,anciennete,10-14,304727,30243
E,16_O_S,anciennete,15-19,232201,32147
E,16_O_S,anciennete,20-29,192466,38664
E,16_O_S,anciennete,30+,87264,43537
E,03_B_E,anciennete,E,2809986,44558
E,07_G_N,anciennete,E,9111433,40305
E,16_O_S,anciennete,E,2482971,29489
F,04_BDE,anciennete,00-05,37878,40062
F,04_BDE,anciennete,06-09,5822,56683
F,04_BDE,anciennete,10-14,15209,53823
F,04_BDE,anciennete,15-19,10096,62237
F,04_BDE,anciennete,20-29,5210,54447
F,04_BDE,anciennete,30+,1177,56575
F,05_C,anciennete,00-05,276658,34029
F,05_C,anciennete,06-09,71688,42944
F,05_C,anciennete,10-14,74376,44494
F,05_C,anciennete,15-19,55483,47985
F,05_C,anciennete,20-29,98061,44970
F,05_C,anciennete,30+,65515,39652
F,06_F,anciennete,00-05,57910,34622
F,06_F,anciennete,06-09,15755,41518
F,06_F,anciennete,10-14,13717,47799
F,06_F,anciennete,15-19,7148,42118
F,06_F,anciennete,20-29,5413,62487
F,06_F,anciennete,30+,2312,60593
F,08_G,anciennete,00-05,640488,27813
F,08_G,anciennete,06-09,118221,33621
F,08_G,anciennete,10-14,97675,37177
F,08_G,anciennete,15-19,106135,35199
F,08_G,anciennete,20-29,127428,35858
F,08_G,anciennete,30+,37533,41432
F,09_H,anciennete,00-05,129988,31023
F,09_H,anciennete,06-09,31064,34651
F,09_H,anciennete,10-14,41639,34149
F,09_H,anciennete,15-19,55694,37154
F,09_H,anciennete,20-29,84883,40674
F,09_H,anciennete,30+,40363,41237
F,10_I,anciennete,00-05,254606,21215
F,10_I,anciennete,06-09,27767,30417
F,10_I,anciennete,10-14,15736,35679
F,10_I,anciennete,15-19,13839,30431
F,10_I,anciennete,20-29,14628,30840
F,10_I,anciennete,30+,6367,34801
F,11_J,anciennete,00-05,149852,46162
F,11_J,anciennete,06-09,28163,53132
F,11_J,anciennete,10-14,19515,62391
F,11_J,anciennete,15-19,12559,67350
F,11_J,anciennete,20-29,32586,58049
F,11_J,anciennete,30+,15062,61395
F,12_K,anciennete,00-05,195343,46212
F,12_K,anciennete,06-09,43061,56970
F,12_K,anciennete,10-14,66198,52908
F,12_K,anciennete,15-19,47853,61887
F,12_K,anciennete,20-29,50635,56321
F,12_K,anciennete,30+,35706,63385
F,13_L,anciennete,00-05,54001,33197
F,13_L,anciennete,06-09,15290,39514
F,13_L,anciennete,10-14,9907,41340
F,13_L,anciennete,15-19,9467,49810
F,13_L,anciennete,20-29,9332,42715
F,13_L,anciennete,30+,5352,51793
F,14_M,anciennete,00-05,325607,41389
F,14_M,anciennete,06-09,63655,50731
F,14_M,anciennete,10-14,54250,55083
F,14_M,anciennete,15-19,37706,58784
F,14_M,anciennete,20-29,32210,59916
F,14_M,anciennete,30+,16623,66551
F,15_N,anciennete,00-05,643165,24230
F,15_N,anciennete,06-09,82253,28170
F,15_N,anciennete,10-14,68399,28161
F,15_N,anciennete,15-19,47565,28143
F,15_N,anciennete,20-29,38966,35733
F,15_N,anciennete,30+,18477,34332
F,17_O,anciennete,00-05,57818,29684
F,17_O,anciennete,06-09,25650,28828
F,17_O,anciennete,10-14,27366,32411
F,17_O,anciennete,15-19,34621,34475
F,17_O,anciennete,20-29,38398,40016
F,17_O,anciennete,30+,15944,46794
F,18_P,anciennete,00-05,20647,24514
F,18_P,anciennete,06-09,4130,25755
F,18_P,anciennete,10-14,5937,37460
F,18_P,anciennete,15-19,3138,37541
F,18_P,anciennete,20-29,1934,41745
F,18_P,anciennete,30+,1023,35598
F,19_Q,anciennete,00-05,727264,25131
F,19_Q,anciennete,06-09,194832,26299
F,19_Q,anciennete,10-14,169130,27693
F,19_Q,anciennete,15-19,117981,27951
F,19_Q,anciennete,20-29,82935,33670
F,19_Q,anciennete,30+,41422,39350
F,20_R,anciennete,00-05,48841,27761
F,20_R,anciennete,06-09,9544,33697
F,20_R,anciennete,10-14,9809,33525
F,20_R,anciennete,15-19,7924,31316
F,20_R,anciennete,20-29,7161,45706
F,20_R,anciennete,30+,1769,53777
F,21_S,anciennete,00-05,91904,25693
F,21_S,anciennete,06-09,21721,23537
F,21_S,anciennete,10-14,9529,35944
F,21_S,anciennete,15-19,10380,39918
F,21_S,anciennete,20-29,13220,25989
F,21_S,anciennete,30+,5799,40296
H,04_BDE,anciennete,00-05,122504,38498
H,04_BDE,anciennete,06-09,28015,54479
H,04_BDE,anciennete,10-14,38645,55701
H,04_BDE,anciennete,15-19,31930,59607
H,04_BDE,anciennete,20-29,25033,50344
H,04_BDE,anciennete,30+,18527,54425
H,05_C,anciennete,00-05,723676,35969
H,05_C,anciennete,06-09,221308,46425
H,05_C,anciennete,10-14,199808,58022
H,05_C,anciennete,15-19,191705,51445
H,05_C,anciennete,20-29,306590,50294
H,05_C,anciennete,30+,185070,55956
H,06_F,anciennete,00-05,464774,32631
H,06_F,anciennete,06-09,98286,41403
H,06_F,anciennete,10-14,131505,39330
H,06_F,anciennete,15-19,73402,45213
H,06_F,anciennete,20-29,63339,48039
H,06_F,anciennete,30+,49671,43984
H,08_G,anciennete,00-05,771574,32599
H,08_G,anciennete,06-09,145120,47331
H,08_G,anciennete,10-14,121049,51269
H,08_G,anciennete,15-19,81236,52266
H,08_G,anciennete,20-29,141747,45939
H,08_G,anciennete,30+,51861,56263
H,09_H,anciennete,00-05,342071,30426
H,09_H,anciennete,06-09,114386,34312
H,09_H,anciennete,10-14,129219,38495
H,09_H,anciennete,15-19,95793,44833
H,09_H,anciennete,20-29,149535,43765
H,09_H,anciennete,30+,74405,47747
H,10_I,anciennete,00-05,265381,24767
H,10_I,anciennete,06-09,25251,36749
H,10_I,anciennete,10-14,20991,37243
H,10_I,anciennete,15-19,13901,37110
H,10_I,anciennete,20-29,13149,46880
H,10_I,anciennete,30+,5455,55144
H,11_J,anciennete,00-05,312383,52143
H,11_J,anciennete,06-09,58865,60443
H,11_J,anciennete,10-14,53169,66424
H,11_J,anciennete,15-19,34312,66940
H,11_J,anciennete,20-29,50189,81223
H,11_J,anciennete,30+,24667,83960
H,12_K,anciennete,00-05,136867,65226
H,12_K,anciennete,06-09,46078,76542
H,12_K,anciennete,10-14,37275,95462
H,12_K,anciennete,15-19,27182,98656
H,12_K,anciennete,20-29,32404,90870
H,12_K,anciennete,30+,22208,94879
H,13_L,anciennete,00-05,36855,42224
H,13_L,anciennete,06-09,8525,51957
H,13_L,anciennete,10-14,6871,54414
H,13_L,anciennete,15-19,9769,48641
H,13_L,anciennete,20-29,10854,48571
H,13_L,anciennete,30+,3852,53168
H,14_M,anciennete,00-05,386793,49522
H,14_M,anciennete,06-09,81917,63272
H,14_M,anciennete,10-14,61964,64251
H,14_M,anciennete,15-19,38322,73316
H,14_M,anciennete,20-29,50216,78120
H,14_M,anciennete,30+,22791,119705
H,15_N,anciennete,00-05,658117,29503
H,15_N,anciennete,06-09,100497,33785
H,15_N,anciennete,10-14,74779,37973
H,15_N,anciennete,15-19,45585,38952
H,15_N,anciennete,20-29,30069,51967
H,15_N,anciennete,30+,13127,49574
H,17_O,anciennete,00-05,19387,31036
H,17_O,anciennete,06-09,3834,41244
H,17_O,anciennete,10-14,4199,43822
H,17_O,anciennete,15-19,6112,39920
H,17_O,anciennete,20-29,8879,47256
H,17_O,anciennete,30+,3936,56968
H,18_P,anciennete,00-05,17784,32886
H,18_P,anciennete,06-09,2997,34345
H,18_P,anciennete,10-14,1380,51895
H,18_P,anciennete,15-19,4559,20226
H,18_P,anciennete,20-29,1130,52971
H,18_P,anciennete,30+,2502,53293
H,19_Q,anciennete,00-05,234023,28108
H,19_Q,anciennete,06-09,35433,32372
H,19_Q,anciennete,10-14,48051,23610
H,19_Q,anciennete,15-19,25837,34937
H,19_Q,anciennete,20-29,26415,32113
H,19_Q,anciennete,30+,9455,41606
H,20_R,anciennete,00-05,65003,38969
H,20_R,anciennete,06-09,8372,51352
H,20_R,anciennete,10-14,9132,48786
H,20_R,anciennete,15-19,8732,51429
H,20_R,anciennete,20-29,5911,125588
H,20_R,anciennete,30+,3868,57372
H,21_S,anciennete,00-05,69100,26561
H,21_S,anciennete,06-09,8027,38808
H,21_S,anciennete,10-14,20193,44867
H,21_S,anciennete,15-19,12918,39048
H,21_S,anciennete,20-29,6483,46552
H,21_S,anciennete,30+,1547,55040
F,04_BDE,anciennete,E,75392,48368
F,05_C,anciennete,E,641781,39693
F,06_F,anciennete,E,102256,40038
F,08_G,anciennete,E,1127479,31322
F,09_H,anciennete,E,383631,35600
F,10_I,anciennete,E,332944,23732
F,11_J,anciennete,E,257737,51575
F,12_K,anciennete,E,438794,52550
F,13_L,anciennete,E,103348,38250
F,14_M,anciennete,E,530051,47060
F,15_N,anciennete,E,898825,25802
F,17_O,anciennete,E,199798,34131
F,18_P,anciennete,E,36809,29063
F,19_Q,anciennete,E,1333563,26848
F,20_R,anciennete,E,85048,31476
F,21_S,anciennete,E,152552,27571
H,04_BDE,anciennete,E,264653,47484
H,05_C,anciennete,E,1828159,45686
H,06_F,anciennete,E,880977,37414
H,08_G,anciennete,E,1312588,39550
H,09_H,anciennete,E,905409,37125
H,10_I,anciennete,E,344128,28233
H,11_J,anciennete,E,533584,59640
H,12_K,anciennete,E,302013,78623
H,13_L,anciennete,E,76725,46670
H,14_M,anciennete,E,642003,58747
H,15_N,anciennete,E,922173,32145
H,17_O,anciennete,E,46347,39520
H,18_P,anciennete,E,30353,34423
H,19_Q,anciennete,E,379215,29039
H,20_R,anciennete,E,101018,47637
H,21_S,anciennete,E,118268,33350
E,04_BDE,anciennete,00-05,160382,38866
E,04_BDE,anciennete,06-09,33836,54858
E,04_BDE,anciennete,10-14,53854,55170
E,04_BDE,anciennete,15-19,42026,60239
E,04_BDE,anciennete,20-29,30244,51051
E,04_BDE,anciennete,30+,19704,54553
E,05_C,anciennete,00-05,1000335,35433
E,05_C,anciennete,06-09,292997,45565
E,05_C,anciennete,10-14,274184,54347
E,05_C,anciennete,15-19,247188,50667
E,05_C,anciennete,20-29,404651,49001
E,05_C,anciennete,30+,250585,51697
E,06_F,anciennete,00-05,522684,32853
E,06_F,anciennete,06-09,114041,41419
E,06_F,anciennete,10-14,145222,40131
E,06_F,anciennete,15-19,80551,44937
E,06_F,anciennete,20-29,68753,49176
E,06_F,anciennete,30+,51983,44731
E,08_G,anciennete,00-05,1412062,30447
E,08_G,anciennete,06-09,263341,41182
E,08_G,anciennete,10-14,218724,44985
E,08_G,anciennete,15-19,187370,42607
E,08_G,anciennete,20-29,269175,41169
E,08_G,anciennete,30+,89394,50036
E,09_H,anciennete,00-05,472058,30590
E,09_H,anciennete,06-09,145450,34385
E,09_H,anciennete,10-14,170859,37436
E,09_H,anciennete,15-19,151487,41987
E,09_H,anciennete,20-29,234418,42661
E,09_H,anciennete,30+,114768,45660
E,10_I,anciennete,00-05,519987,23027
E,10_I,anciennete,06-09,53018,33433
E,10_I,anciennete,10-14,36727,36573
E,10_I,anciennete,15-19,27740,33778
E,10_I,anciennete,20-29,27777,38433
E,10_I,anciennete,30+,11823,44188
E,11_J,anciennete,00-05,462235,50204
E,11_J,anciennete,06-09,87028,58078
E,11_J,anciennete,10-14,72684,65343
E,11_J,anciennete,15-19,46870,67049
E,11_J,anciennete,20-29,82775,72101
E,11_J,anciennete,30+,39729,75405
E,12_K,anciennete,00-05,332210,54046
E,12_K,anciennete,06-09,89138,67089
E,12_K,anciennete,10-14,103473,68214
E,12_K,anciennete,15-19,75034,75228
E,12_K,anciennete,20-29,83039,69790
E,12_K,anciennete,30+,57914,75467
E,13_L,anciennete,00-05,90856,36850
E,13_L,anciennete,06-09,23814,43979
E,13_L,anciennete,10-14,16778,46699
E,13_L,anciennete,15-19,19236,49215
E,13_L,anciennete,20-29,20186,45862
E,13_L,anciennete,30+,9204,52368
E,14_M,anciennete,00-05,712400,45806
E,14_M,anciennete,06-09,145572,57785
E,14_M,anciennete,10-14,116214,59966
E,14_M,anciennete,15-19,76028,66090
E,14_M,anciennete,20-29,82426,71050
E,14_M,anciennete,30+,39414,96697
E,15_N,anciennete,00-05,1301282,26894
E,15_N,anciennete,06-09,182750,31258
E,15_N,anciennete,10-14,143177,33284
E,15_N,anciennete,15-19,93150,33431
E,15_N,anciennete,20-29,69035,42810
E,15_N,anciennete,30+,31604,40663
E,17_O,anciennete,00-05,77205,30024
E,17_O,anciennete,06-09,29485,30446
E,17_O,anciennete,10-14,31565,33929
E,17_O,anciennete,15-19,40734,35292
E,17_O,anciennete,20-29,47276,41376
E,17_O,anciennete,30+,19880,48809
E,18_P,anciennete,00-05,38431,28387
E,18_P,anciennete,06-09,7127,29367
E,18_P,anciennete,10-14,7317,40183
E,18_P,anciennete,15-19,7697,27271
E,18_P,anciennete,20-29,3065,45886
E,18_P,anciennete,30+,3525,48158
E,19_Q,anciennete,00-05,961287,25854
E,19_Q,anciennete,06-09,230265,27233
E,19_Q,anciennete,10-14,217181,26809
E,19_Q,anciennete,15-19,143818,29208
E,19_Q,anciennete,20-29,109350,33294
E,19_Q,anciennete,30+,50877,39769
E,20_R,anciennete,00-05,113845,34159
E,20_R,anciennete,06-09,17916,41926
E,20_R,anciennete,10-14,18941,40878
E,20_R,anciennete,15-19,16656,41868
E,20_R,anciennete,20-29,13072,81401
E,20_R,anciennete,30+,5637,56244
E,21_S,anciennete,00-05,161004,26066
E,21_S,anciennete,06-09,29749,27657
E,21_S,anciennete,10-14,29722,42021
E,21_S,anciennete,15-19,23298,39435
E,21_S,anciennete,20-29,19702,32755
E,21_S,anciennete,30+,7345,43401
E,04_BDE,anciennete,E,340045,47679
E,05_C,anciennete,E,2469940,44127
E,06_F,anciennete,E,983233,37688
E,08_G,anciennete,E,2440067,35768
E,09_H,anciennete,E,1289040,36678
E,10_I,anciennete,E,677072,26020
E,11_J,anciennete,E,791321,57014
E,12_K,anciennete,E,740808,63179
E,13_L,anciennete,E,180073,41836
E,14_M,anciennete,E,1172054,53458
E,15_N,anciennete,E,1820998,29012
E,17_O,anciennete,E,246145,35146
E,18_P,anciennete,E,67162,31485
E,19_Q,anciennete,E,1712778,27331
E,20_R,anciennete,E,186066,40242
E,21_S,anciennete,E,270820,30096
F,01_B_S,diplome,G1,1286848,23555
F,01_B_S,diplome,G2,2393481,27596
F,01_B_S,diplome,G3,2101954,37633
F,01_B_S,diplome,G4,917725,58413
H,01_B_S,diplome,G1,1896276,30157
H,01_B_S,diplome,G2,3474407,34718
H,01_B_S,diplome,G3,2035933,48086
H,01_B_S,diplome,G4,1280998,76259
F,01_B_S,diplome,E,6700009,34195
H,01_B_S,diplome,E,8687613,42996
E,01_B_S,diplome,G1,3183124,27485
E,01_B_S,diplome,G2,5867887,31813
E,01_B_S,diplome,G3,4137887,42788
E,01_B_S,diplome,G4,2198723,68807
E,01_B_S,diplome,E,15387622,39166
F,02_B_N,diplome,G1,988950,24739
F,02_B_N,diplome,G2,1672774,28884
F,02_B_N,diplome,G3,1472480,40407
F,02_B_N,diplome,G4,758034,61030
H,02_B_N,diplome,G1,1726874,31289
H,02_B_N,diplome,G2,3225173,35144
H,02_B_N,diplome,G3,1873712,48940
H,02_B_N,diplome,G4,1186654,77251
F,02_B_N,diplome,E,4892238,36505
H,02_B_N,diplome,E,8012413,43792
E,02_B_N,diplome,G1,2715824,28901
E,02_B_N,diplome,G2,4897947,33009
E,02_B_N,diplome,G3,3346191,45201
E,02_B_N,diplome,G4,1944688,70925
E,02_B_N,diplome,E,12904651,41034
F,03_B_E,diplome,G1,113944,31744
F,03_B_E,diplome,G2,285587,31275
F,03_B_E,diplome,G3,198613,43749
F,03_B_E,diplome,G4,119030,66165
F,07_G_N,diplome,G1,868665,23730
F,07_G_N,diplome,G2,1342963,28241
F,07_G_N,diplome,G3,1234959,39760
F,07_G_N,diplome,G4,626223,60171
F,16_O_S,diplome,G1,297898,19637
F,16_O_S,diplome,G2,720706,24626
F,16_O_S,diplome,G3,629475,31196
F,16_O_S,diplome,G4,159691,45989
H,03_B_E,diplome,G1,385376,33130
H,03_B_E,diplome,G2,939786,38031
H,03_B_E,diplome,G3,518152,50862
H,03_B_E,diplome,G4,249498,84933
H,07_G_N,diplome,G1,1106951,30654
H,07_G_N,diplome,G2,1817623,33658
H,07_G_N,diplome,G3,1220621,48371
H,07_G_N,diplome,G4,893429,75650
H,16_O_S,diplome,G1,169402,18659
H,16_O_S,diplome,G2,249234,29196
H,16_O_S,diplome,G3,162221,38178
H,16_O_S,diplome,G4,94344,63797
F,03_B_E,diplome,E,717173,40604
F,07_G_N,diplome,E,4072809,35690
F,16_O_S,diplome,E,1807771,27977
H,03_B_E,diplome,E,2092812,45914
H,07_G_N,diplome,E,5038624,44024
H,16_O_S,diplome,E,675200,33546
E,03_B_E,diplome,G1,499320,32813
E,03_B_E,diplome,G2,1225373,36457
E,03_B_E,diplome,G3,716765,48890
E,03_B_E,diplome,G4,368528,78868
E,07_G_N,diplome,G1,1975616,27610
E,07_G_N,diplome,G2,3160586,31359
E,07_G_N,diplome,G3,2455580,44060
E,07_G_N,diplome,G4,1519652,69267
E,16_O_S,diplome,G1,467300,19282
E,16_O_S,diplome,G2,969940,25796
E,16_O_S,diplome,G3,791696,32622
E,16_O_S,diplome,G4,254035,52606
E,03_B_E,diplome,E,2809986,44558
E,07_G_N,diplome,E,9111433,40305
E,16_O_S,diplome,E,2482971,29489
F,04_BDE,diplome,G1,11345,41969
F,04_BDE,diplome,G2,18674,38417
F,04_BDE,diplome,G3,24894,43564
F,04_BDE,diplome,G4,20480,66715
F,05_C,diplome,G1,102599,30607
F,05_C,diplome,G2,266913,30781
F,05_C,diplome,G3,173720,43775
F,05_C,diplome,G4,98550,66050
F,06_F,diplome,G1,6342,37297
F,06_F,diplome,G2,44225,32827
F,06_F,diplome,G3,38908,43675
F,06_F,diplome,G4,12782,55283
F,08_G,diplome,G1,163462,26789
F,08_G,diplome,G2,568778,25817
F,08_G,diplome,G3,315738,36368
F,08_G,diplome,G4,79501,60635
F,09_H,diplome,G1,70897,33408
F,09_H,diplome,G2,175122,32505
F,09_H,diplome,G3,111619,38443
F,09_H,diplome,G4,25993,48967
F,10_I,diplome,G1,104526,22179
F,10_I,diplome,G2,159201,22088
F,10_I,diplome,G3,62309,28073
F,10_I,diplome,G4,6908,45966
F,11_J,diplome,G1,29532,52121
F,11_J,diplome,G2,36013,42015
F,11_J,diplome,G3,83830,44740
F,11_J,diplome,G4,108362,59897
F,12_K,diplome,G1,24455,44648
F,12_K,diplome,G2,70221,46904
F,12_K,diplome,G3,236295,47737
F,12_K,diplome,G4,107824,68574
F,13_L,diplome,G1,6215,31631
F,13_L,diplome,G2,29270,33905
F,13_L,diplome,G3,52640,37933
F,13_L,diplome,G4,15223,50365
F,14_M,diplome,G1,25348,28873
F,14_M,diplome,G2,71675,33806
F,14_M,diplome,G3,216797,40965
F,14_M,diplome,G4,216231,59703
F,15_N,diplome,G1,444231,18022
F,15_N,diplome,G2,232682,25145
F,15_N,diplome,G3,155730,36176
F,15_N,diplome,G4,66182,56034
F,17_O,diplome,G1,20773,32476
F,17_O,diplome,G2,73689,33522
F,17_O,diplome,G3,86956,33581
F,17_O,diplome,G4,18379,41060
F,18_P,diplome,G1,2398,17175
F,18_P,diplome,G2,11001,23022
F,18_P,diplome,G3,16672,31025
F,18_P,diplome,G4,6738,38290
F,19_Q,diplome,G1,239060,18742
F,19_Q,diplome,G2,551730,23706
F,19_Q,diplome,G3,444708,30239
F,19_Q,diplome,G4,98065,48931
F,20_R,diplome,G1,7233,21581
F,20_R,diplome,G2,30866,24414
F,20_R,diplome,G3,33953,34282
F,20_R,diplome,G4,12996,46418
F,21_S,diplome,G1,28434,17488
F,21_S,diplome,G2,53420,22315
F,21_S,diplome,G3,47186,33663
F,21_S,diplome,G4,23512,39523
H,04_BDE,diplome,G1,55274,35986
H,04_BDE,diplome,G2,113010,41909
H,04_BDE,diplome,G3,61561,50709
H,04_BDE,diplome,G4,34808,78137
H,05_C,diplome,G1,330102,32647
H,05_C,diplome,G2,826776,37500
H,05_C,diplome,G3,456591,50883
H,05_C,diplome,G4,214689,86036
H,06_F,diplome,G1,234547,31280
H,06_F,diplome,G2,467764,35090
H,06_F,diplome,G3,134939,46707
H,06_F,diplome,G4,43727,66107
H,08_G,diplome,G1,223649,30434
H,08_G,diplome,G2,623934,32261
H,08_G,diplome,G3,345333,47200
H,08_G,diplome,G4,119672,72418
H,09_H,diplome,G1,288541,32050
H,09_H,diplome,G2,468469,36379
H,09_H,diplome,G3,112597,47739
H,09_H,diplome,G4,35802,54364
H,10_I,diplome,G1,101373,24889
H,10_I,diplome,G2,172486,28031
H,10_I,diplome,G3,66613,31209
H,10_I,diplome,G4,3656,76321
H,11_J,diplome,G1,49904,59060
H,11_J,diplome,G2,48191,46147
H,11_J,diplome,G3,192610,51509
H,11_J,diplome,G4,242879,68885
H,12_K,diplome,G1,8061,75216
H,12_K,diplome,G2,42525,60374
H,12_K,diplome,G3,144506,63778
H,12_K,diplome,G4,106922,106200
H,13_L,diplome,G1,7204,36859
H,13_L,diplome,G2,32926,34891
H,13_L,diplome,G3,26889,50098
H,13_L,diplome,G4,9707,84225
H,14_M,diplome,G1,40534,31683
H,14_M,diplome,G2,96539,38060
H,14_M,diplome,G3,194765,47801
H,14_M,diplome,G4,310164,75667
H,15_N,diplome,G1,387685,26451
H,15_N,diplome,G2,332553,28778
H,15_N,diplome,G3,137308,40019
H,15_N,diplome,G4,64627,66845
H,17_O,diplome,G1,3719,40167
H,17_O,diplome,G2,19798,34601
H,17_O,diplome,G3,12509,43695
H,17_O,diplome,G4,10322,43662
H,18_P,diplome,G1,2144,26928
H,18_P,diplome,G2,13934,31235
H,18_P,diplome,G3,9317,35525
H,18_P,diplome,G4,4958,44555
H,19_Q,diplome,G1,142897,16374
H,19_Q,diplome,G2,133027,26583
H,19_Q,diplome,G3,63695,38626
H,19_Q,diplome,G4,39595,67733
H,20_R,diplome,G1,6279,44478
H,20_R,diplome,G2,39690,37511
H,20_R,diplome,G3,37577,40267
H,20_R,diplome,G4,17471,87543
H,21_S,diplome,G1,14363,23364
H,21_S,diplome,G2,42784,26403
H,21_S,diplome,G3,39122,34319
H,21_S,diplome,G4,21999,51656
F,04_BDE,diplome,E,75392,48368
F,05_C,diplome,E,641781,39693
F,06_F,diplome,E,102256,40038
F,08_G,diplome,E,1127479,31322
F,09_H,diplome,E,383631,35600
F,10_I,diplome,E,332944,23732
F,11_J,diplome,E,257737,51575
F,12_K,diplome,E,438794,52550
F,13_L,diplome,E,103348,38250
F,14_M,diplome,E,530051,47060
F,15_N,diplome,E,898825,25802
F,17_O,diplome,E,199798,34131
F,18_P,diplome,E,36809,29063
F,19_Q,diplome,E,1333563,26848
F,20_R,diplome,E,85048,31476
F,21_S,diplome,E,152552,27571
H,04_BDE,diplome,E,264653,47484
H,05_C,diplome,E,1828159,45686
H,06_F,diplome,E,880977,37414
H,08_G,diplome,E,1312588,39550
H,09_H,diplome,E,905409,37125
H,10_I,diplome,E,344128,28233
H,11_J,diplome,E,533584,59640
H,12_K,diplome,E,302013,78623
H,13_L,diplome,E,76725,46670
H,14_M,diplome,E,642003,58747
H,15_N,diplome,E,922173,32145
H,17_O,diplome,E,46347,39520
H,18_P,diplome,E,30353,34423
H,19_Q,diplome,E,379215,29039
H,20_R,diplome,E,101018,47637
H,21_S,diplome,E,118268,33350
E,04_BDE,diplome,G1,66619,37005
E,04_BDE,diplome,G2,131684,41419
E,04_BDE,diplome,G3,86454,48652
E,04_BDE,diplome,G4,55288,73906
E,05_C,diplome,G1,432701,32162
E,05_C,diplome,G2,1093689,35859
E,05_C,diplome,G3,630311,48923
E,05_C,diplome,G4,313240,79746
E,06_F,diplome,G1,240889,31440
E,06_F,diplome,G2,511989,34894
E,06_F,diplome,G3,173847,46029
E,06_F,diplome,G4,56509,63658
E,08_G,diplome,G1,387110,28894
E,08_G,diplome,G2,1192712,29187
E,08_G,diplome,G3,661071,42125
E,08_G,diplome,G4,199173,67712
E,09_H,diplome,G1,359437,32314
E,09_H,diplome,G2,643592,35356
E,09_H,diplome,G3,224215,43107
E,09_H,diplome,G4,61795,52086
E,10_I,diplome,G1,205899,23513
E,10_I,diplome,G2,331687,25177
E,10_I,diplome,G3,128923,29693
E,10_I,diplome,G4,10564,56471
E,11_J,diplome,G1,79436,56480
E,11_J,diplome,G2,84204,44379
E,11_J,diplome,G3,276440,49457
E,11_J,diplome,G4,351241,66113
E,12_K,diplome,G1,32516,52206
E,12_K,diplome,G2,112746,51983
E,12_K,diplome,G3,380800,53824
E,12_K,diplome,G4,214746,87311
E,13_L,diplome,G1,13419,34425
E,13_L,diplome,G2,62196,34427
E,13_L,diplome,G3,79529,42049
E,13_L,diplome,G4,24930,63550
E,14_M,diplome,G1,65882,30602
E,14_M,diplome,G2,168214,36247
E,14_M,diplome,G3,411563,44201
E,14_M,diplome,G4,526395,69096
E,15_N,diplome,G1,831917,21949
E,15_N,diplome,G2,565235,27279
E,15_N,diplome,G3,293038,37976
E,15_N,diplome,G4,130808,61382
E,17_O,diplome,G1,24492,33644
E,17_O,diplome,G2,93487,33751
E,17_O,diplome,G3,99466,34853
E,17_O,diplome,G4,28701,41997
E,18_P,diplome,G1,4541,21779
E,18_P,diplome,G2,24935,27613
E,18_P,diplome,G3,25989,32638
E,18_P,diplome,G4,11697,40946
E,19_Q,diplome,G1,381957,17856
E,19_Q,diplome,G2,684758,24261
E,19_Q,diplome,G3,508403,31278
E,19_Q,diplome,G4,137660,54339
E,20_R,diplome,G1,13512,32193
E,20_R,diplome,G2,70557,31769
E,20_R,diplome,G3,71530,37426
E,20_R,diplome,G4,30467,69997
E,21_S,diplome,G1,42797,19460
E,21_S,diplome,G2,96204,24133
E,21_S,diplome,G3,86309,33961
E,21_S,diplome,G4,45511,45399
E,04_BDE,diplome,E,340045,47679
E,05_C,diplome,E,2469940,44127
E,06_F,diplome,E,983233,37688
E,08_G,diplome,E,2440067,35768
E,09_H,diplome,E,1289040,36678
E,10_I,diplome,E,677072,26020
E,11_J,diplome,E,791321,57014
E,12_K,diplome,E,740808,63179
E,13_L,diplome,E,180073,41836
E,14_M,diplome,E,1172054,53458
E,15_N,diplome,E,1820998,29012
E,17_O,diplome,E,246145,35146
E,18_P,diplome,E,67162,31485
E,19_Q,diplome,E,1712778,27331
E,20_R,diplome,E,186066,40242
E,21_S,diplome,E,270820,30096
F,01_B_S,region,FR1,1724962,44383
F,01_B_S,region,FRB,232834,30566
F,01_B_S,region,FRC,214920,29533
F,01_B_S,region,FRD,285952,30570
F,01_B_S,region,FRE,530652,29748
F,01_B_S,region,FRF,517106,29156
F,01_B_S,region,FRG,406493,29632
F,01_B_S,region,FRH,301304,31272
F,01_B_S,region,FRI,542004,29783
F,01_B_S,region,FRJ,508477,30940
F,01_B_S,region,FRK,807119,32817
F,01_B_S,region,FRL,500845,31544
F,01_B_S,region,FRY,127339,30279
H,01_B_S,region,FR1,2284630,55518
H,01_B_S,region,FRB,275514,37292
H,01_B_S,region,FRC,335958,36795
H,01_B_S,region,FRD,377779,38144
H,01_B_S,region,FRE,740324,36818
H,01_B_S,region,FRF,617104,39318
H,01_B_S,region,FRG,549484,37856
H,01_B_S,region,FRH,416273,36378
H,01_B_S,region,FRI,603443,37993
H,01_B_S,region,FRJ,679519,38140
H,01_B_S,region,FRK,1067648,41090
H,01_B_S,region,FRL,593277,40495
H,01_B_S,region,FRY,146659,37079
F,01_B_S,region,E,6700009,34195
H,01_B_S,region,E,8687613,42996
E,01_B_S,region,FR1,4009592,50729
E,01_B_S,region,FRB,508348,34213
E,01_B_S,region,FRC,550878,33957
E,01_B_S,region,FRD,663731,34863
E,01_B_S,region,FRE,1270976,33866
E,01_B_S,region,FRF,1134210,34682
E,01_B_S,region,FRG,955978,34358
E,01_B_S,region,FRH,717578,34234
E,01_B_S,region,FRI,1145447,34114
E,01_B_S,region,FRJ,1187996,35058
E,01_B_S,region,FRK,1874767,37548
E,01_B_S,region,FRL,1094123,36395
E,01_B_S,region,FRY,273998,33911
E,01_B_S,region,E,15387622,39166
F,02_B_N,region,FR1,1369416,47512
F,02_B_N,region,FRB,159987,32550
F,02_B_N,region,FRC,156929,31136
F,02_B_N,region,FRD,190088,32243
F,02_B_N,region,FRE,397213,31049
F,02_B_N,region,FRF,335898,30793
F,02_B_N,region,FRG,269804,32348
F,02_B_N,region,FRH,242559,31959
F,02_B_N,region,FRI,364446,31296
F,02_B_N,region,FRJ,352486,31929
F,02_B_N,region,FRK,627924,34153
F,02_B_N,region,FRL,343844,33505
F,02_B_N,region,FRY,81644,30676
H,02_B_N,region,FR1,2155432,56119
H,02_B_N,region,FRB,249256,38248
H,02_B_N,region,FRC,309676,36842
H,02_B_N,region,FRD,345380,38867
H,02_B_N,region,FRE,679303,37567
H,02_B_N,region,FRF,573514,39910
H,02_B_N,region,FRG,524394,38020
H,02_B_N,region,FRH,388233,36828
H,02_B_N,region,FRI,528139,39268
H,02_B_N,region,FRJ,616861,39030
H,02_B_N,region,FRK,997242,41484
H,02_B_N,region,FRL,515236,42491
H,02_B_N,region,FRY,129748,37072
F,02_B_N,region,E,4892238,36505
H,02_B_N,region,E,8012413,43792
E,02_B_N,region,FR1,3524848,52778
E,02_B_N,region,FRB,409243,36023
E,02_B_N,region,FRC,466604,34920
E,02_B_N,region,FRD,535469,36502
E,02_B_N,region,FRE,1076516,35162
E,02_B_N,region,FRF,909413,36541
E,02_B_N,region,FRG,794198,36093
E,02_B_N,region,FRH,630792,34956
E,02_B_N,region,FRI,892584,36029
E,02_B_N,region,FRJ,969347,36449
E,02_B_N,region,FRK,1625165,38675
E,02_B_N,region,FRL,859080,38893
E,02_B_N,region,FRY,211392,34599
E,02_B_N,region,E,12904651,41034
F,03_B_E,region,FR1,118840,57667
F,03_B_E,region,FRB,49539,35382
F,03_B_E,region,FRC,33475,33988
F,03_B_E,region,FRD,36321,38890
F,03_B_E,region,FRE,49112,39431
F,03_B_E,region,FRF,69440,37825
F,03_B_E,region,FRG,54464,33595
F,03_B_E,region,FRH,49277,35106
F,03_B_E,region,FRI,40232,38463
F,03_B_E,region,FRJ,42791,39801
F,03_B_E,region,FRK,126871,37040
F,03_B_E,region,FRL,39121,41048
F,03_B_E,region,FRY,7689,36845
F,07_G_N,region,FR1,1222554,46534
F,07_G_N,region,FRB,108321,31324
F,07_G_N,region,FRC,121144,30213
F,07_G_N,region,FRD,152318,30601
F,07_G_N,region,FRE,339841,29687
F,07_G_N,region,FRF,259946,28819
F,07_G_N,region,FRG,209796,31952
F,07_G_N,region,FRH,189339,30788
F,07_G_N,region,FRI,318297,30061
F,07_G_N,region,FRJ,299556,30759
F,07_G_N,region,FRK,482854,33455
F,07_G_N,region,FRL,295365,32112
F,07_G_N,region,FRY,73478,29965
F,16_O_S,region,FR1,355546,32361
F,16_O_S,region,FRB,72847,26221
F,16_O_S,region,FRC,57992,25203
F,16_O_S,region,FRD,95864,27255
F,16_O_S,region,FRE,133439,25867
F,16_O_S,region,FRF,181208,26129
F,16_O_S,region,FRG,136690,24277
F,16_O_S,region,FRH,58745,28441
F,16_O_S,region,FRI,177558,26730
F,16_O_S,region,FRJ,155991,28709
F,16_O_S,region,FRK,179195,28224
F,16_O_S,region,FRL,157001,27251
F,16_O_S,region,FRY,45695,29577
H,03_B_E,region,FR1,259861,62968
H,03_B_E,region,FRB,92079,41133
H,03_B_E,region,FRC,135810,40994
H,03_B_E,region,FRD,148813,40796
H,03_B_E,region,FRE,190320,43886
H,03_B_E,region,FRF,239904,44055
H,03_B_E,region,FRG,175318,38326
H,03_B_E,region,FRH,126290,35433
H,03_B_E,region,FRI,155611,42653
H,03_B_E,region,FRJ,132219,46395
H,03_B_E,region,FRK,306580,50289
H,03_B_E,region,FRL,108172,46637
H,03_B_E,region,FRY,21835,42986
H,07_G_N,region,FR1,1708627,56365
H,07_G_N,region,FRB,121602,37419
H,07_G_N,region,FRC,144594,32990
H,07_G_N,region,FRD,154352,38047
H,07_G_N,region,FRE,424351,34949
H,07_G_N,region,FRF,278093,36999
H,07_G_N,region,FRG,286649,38213
H,07_G_N,region,FRH,202514,37132
H,07_G_N,region,FRI,318775,37864
H,07_G_N,region,FRJ,411243,37302
H,07_G_N,region,FRK,570694,38261
H,07_G_N,region,FRL,316368,43769
H,07_G_N,region,FRY,100763,35625
H,16_O_S,region,FR1,129198,45422
H,16_O_S,region,FRB,26259,28222
H,16_O_S,region,FRC,26282,36239
H,16_O_S,region,FRD,32399,30446
H,16_O_S,region,FRE,61021,28481
H,16_O_S,region,FRF,43589,31553
H,16_O_S,region,FRG,25090,34435
H,16_O_S,region,FRH,28040,30153
H,16_O_S,region,FRI,75304,29078
H,16_O_S,region,FRJ,62659,29379
H,16_O_S,region,FRK,70407,35529
H,16_O_S,region,FRL,78041,27309
H,16_O_S,region,FRY,16911,37126
F,03_B_E,region,E,717173,40604
F,07_G_N,region,E,4072809,35690
F,16_O_S,region,E,1807771,27977
H,03_B_E,region,E,2092812,45914
H,07_G_N,region,E,5038624,44024
H,16_O_S,region,E,675200,33546
E,03_B_E,region,FR1,378701,61304
E,03_B_E,region,FRB,141618,39121
E,03_B_E,region,FRC,169285,39609
E,03_B_E,region,FRD,185135,40417
E,03_B_E,region,FRE,239432,42972
E,03_B_E,region,FRF,309343,42656
E,03_B_E,region,FRG,229782,37204
E,03_B_E,region,FRH,175567,35341
E,03_B_E,region,FRI,195843,41796
E,03_B_E,region,FRJ,175011,44782
E,03_B_E,region,FRK,433451,46422
E,03_B_E,region,FRL,147293,45147
E,03_B_E,region,FRY,29524,41386
E,07_G_N,region,FR1,2931181,52270
E,07_G_N,region,FRB,229923,34551
E,07_G_N,region,FRC,265738,31720
E,07_G_N,region,FRD,306669,34344
E,07_G_N,region,FRE,764193,32608
E,07_G_N,region,FRF,538039,33043
E,07_G_N,region,FRG,496445,35566
E,07_G_N,region,FRH,391853,34066
E,07_G_N,region,FRI,637072,33977
E,07_G_N,region,FRJ,710800,34546
E,07_G_N,region,FRK,1053548,36080
E,07_G_N,region,FRL,611733,38141
E,07_G_N,region,FRY,174240,33233
E,16_O_S,region,FR1,484744,35820
E,16_O_S,region,FRB,99106,26751
E,16_O_S,region,FRC,84274,28645
E,16_O_S,region,FRD,128263,28056
E,16_O_S,region,FRE,194460,26688
E,16_O_S,region,FRF,224798,27181
E,16_O_S,region,FRG,161780,25852
E,16_O_S,region,FRH,86785,28994
E,16_O_S,region,FRI,252862,27426
E,16_O_S,region,FRJ,218649,28901
E,16_O_S,region,FRK,249602,30285
E,16_O_S,region,FRL,235042,27271
E,16_O_S,region,FRY,62606,31616
E,03_B_E,region,E,2809986,44558
E,07_G_N,region,E,9111433,40305
E,16_O_S,region,E,2482971,29489
F,04_BDE,region,FR1,23432,58747
F,04_BDE,region,FRB,3436,47182
F,04_BDE,region,FRC,1270,38448
F,04_BDE,region,FRD,1367,57683
F,04_BDE,region,FRE,8505,32820
F,04_BDE,region,FRF,5762,49906
F,04_BDE,region,FRG,412,46054
F,04_BDE,region,FRH,1839,57478
F,04_BDE,region,FRI,2498,38053
F,04_BDE,region,FRJ,13359,38640
F,04_BDE,region,FRK,8962,52279
F,04_BDE,region,FRL,3373,45754
F,04_BDE,region,FRY,1177,44513
F,05_C,region,FR1,95408,57402
F,05_C,region,FRB,46103,34502
F,05_C,region,FRC,32206,33812
F,05_C,region,FRD,34954,38155
F,05_C,region,FRE,40606,40816
F,05_C,region,FRF,63678,36732
F,05_C,region,FRG,54052,33500
F,05_C,region,FRH,47438,34239
F,05_C,region,FRI,37733,38488
F,05_C,region,FRJ,29432,40329
F,05_C,region,FRK,117909,35874
F,05_C,region,FRL,35749,40604
F,05_C,region,FRY,6512,35449
F,06_F,region,FR1,28022,46955
F,06_F,region,FRB,2127,28774
F,06_F,region,FRC,2310,38172
F,06_F,region,FRD,1449,38052
F,06_F,region,FRE,8260,37254
F,06_F,region,FRF,6512,34374
F,06_F,region,FRG,5544,35043
F,06_F,region,FRH,3943,48679
F,06_F,region,FRI,5917,47989
F,06_F,region,FRJ,10138,33174
F,06_F,region,FRK,18198,32258
F,06_F,region,FRL,9358,45904
F,06_F,region,FRY,477,40186
F,08_G,region,FR1,247369,40403
F,08_G,region,FRB,42529,29522
F,08_G,region,FRC,21789,26761
F,08_G,region,FRD,63504,30137
F,08_G,region,FRE,107104,28768
F,08_G,region,FRF,65042,28755
F,08_G,region,FRG,59378,30892
F,08_G,region,FRH,59218,26632
F,08_G,region,FRI,130434,26587
F,08_G,region,FRJ,82037,28468
F,08_G,region,FRK,141178,31357
F,08_G,region,FRL,82268,28970
F,08_G,region,FRY,25626,23046
F,09_H,region,FR1,128412,41267
F,09_H,region,FRB,11747,31913
F,09_H,region,FRC,22694,28417
F,09_H,region,FRD,13159,33407
F,09_H,region,FRE,34000,29772
F,09_H,region,FRF,17200,27882
F,09_H,region,FRG,16573,32487
F,09_H,region,FRH,10254,33966
F,09_H,region,FRI,40209,29270
F,09_H,region,FRJ,34676,30347
F,09_H,region,FRK,23273,35521
F,09_H,region,FRL,27313,46563
F,09_H,region,FRY,4121,41586
F,10_I,region,FR1,86956,22952
F,10_I,region,FRB,3434,41354
F,10_I,region,FRC,8511,23382
F,10_I,region,FRD,7632,22900
F,10_I,region,FRE,30357,17048
F,10_I,region,FRF,46134,22648
F,10_I,region,FRG,9499,34549
F,10_I,region,FRH,11652,26242
F,10_I,region,FRI,19697,23569
F,10_I,region,FRJ,30457,23276
F,10_I,region,FRK,37140,26660
F,10_I,region,FRL,36206,24860
F,10_I,region,FRY,5269,24692
F,11_J,region,FR1,135852,58041
F,11_J,region,FRB,2051,44816
F,11_J,region,FRC,2486,42612
F,11_J,region,FRD,3521,48111
F,11_J,region,FRE,10847,54488
F,11_J,region,FRF,12531,37144
F,11_J,region,FRG,12493,39388
F,11_J,region,FRH,7710,41903
F,11_J,region,FRI,8472,51531
F,11_J,region,FRJ,14978,45975
F,11_J,region,FRK,23417,44611
F,11_J,region,FRL,22426,42455
F,11_J,region,FRY,951,49052
F,12_K,region,FR1,138836,70660
F,12_K,region,FRB,10819,45264
F,12_K,region,FRC,16260,43710
F,12_K,region,FRD,11372,44353
F,12_K,region,FRE,29328,46665
F,12_K,region,FRF,24059,42006
F,12_K,region,FRG,29502,40381
F,12_K,region,FRH,28857,45629
F,12_K,region,FRI,29545,46985
F,12_K,region,FRJ,41660,40227
F,12_K,region,FRK,51581,44360
F,12_K,region,FRL,15910,47058
F,12_K,region,FRY,11067,49995
F,13_L,region,FR1,29866,44244
F,13_L,region,FRB,2252,35187
F,13_L,region,FRC,3743,32842
F,13_L,region,FRD,7380,28782
F,13_L,region,FRE,7633,33673
F,13_L,region,FRF,4973,38421
F,13_L,region,FRG,3241,33265
F,13_L,region,FRH,4672,30913
F,13_L,region,FRI,7521,33260
F,13_L,region,FRJ,5060,37887
F,13_L,region,FRK,16745,41267
F,13_L,region,FRL,7195,35287
F,13_L,region,FRY,3066,42157
F,14_M,region,FR1,227907,58223
F,14_M,region,FRB,6028,38106
F,14_M,region,FRC,16387,32652
F,14_M,region,FRD,23294,33967
F,14_M,region,FRE,20226,45382
F,14_M,region,FRF,20097,40730
F,14_M,region,FRG,17894,41040
F,14_M,region,FRH,20187,33391
F,14_M,region,FRI,22036,38532
F,14_M,region,FRJ,32065,36999
F,14_M,region,FRK,85560,41176
F,14_M,region,FRL,32402,38162
F,14_M,region,FRY,5967,31076
F,15_N,region,FR1,227357,32083
F,15_N,region,FRB,29461,24787
F,15_N,region,FRC,29273,25895
F,15_N,region,FRD,22455,20307
F,15_N,region,FRE,100348,23355
F,15_N,region,FRF,69909,23055
F,15_N,region,FRG,61215,24131
F,15_N,region,FRH,46788,24318
F,15_N,region,FRI,60383,25356
F,15_N,region,FRJ,58623,23421
F,15_N,region,FRK,103959,22581
F,15_N,region,FRL,71645,24322
F,15_N,region,FRY,17409,22425
F,17_O,region,FR1,54639,38282
F,17_O,region,FRB,1870,36891
F,17_O,region,FRC,4085,32495
F,17_O,region,FRD,6771,33094
F,17_O,region,FRE,11069,31424
F,17_O,region,FRF,13590,32012
F,17_O,region,FRG,2455,31913
F,17_O,region,FRH,4642,34010
F,17_O,region,FRI,30550,30595
F,17_O,region,FRJ,30100,31405
F,17_O,region,FRK,16750,33835
F,17_O,region,FRL,17390,34828
F,17_O,region,FRY,5887,39134
F,18_P,region,FR1,12518,32562
F,18_P,region,FRB,1513,30504
F,18_P,region,FRC,1002,39030
F,18_P,region,FRD,1479,29439
F,18_P,region,FRE,5438,29613
F,18_P,region,FRF,1341,29856
F,18_P,region,FRG,1494,20835
F,18_P,region,FRH,322,27850
F,18_P,region,FRI,1269,29604
F,18_P,region,FRJ,4733,26970
F,18_P,region,FRK,3366,18663
F,18_P,region,FRL,2049,26289
F,18_P,region,FRY,286,36375
F,19_Q,region,FR1,208904,31392
F,19_Q,region,FRB,63106,25532
F,19_Q,region,FRC,45307,23708
F,19_Q,region,FRD,77517,26987
F,19_Q,region,FRE,101948,24981
F,19_Q,region,FRF,140062,24954
F,19_Q,region,FRG,113101,24650
F,19_Q,region,FRH,49553,27513
F,19_Q,region,FRI,129511,25350
F,19_Q,region,FRJ,114244,28001
F,19_Q,region,FRK,130680,28171
F,19_Q,region,FRL,126699,25728
F,19_Q,region,FRY,32932,25945
F,20_R,region,FR1,33571,29779
F,20_R,region,FRB,2319,32606
F,20_R,region,FRC,1427,19669
F,20_R,region,FRD,1778,27390
F,20_R,region,FRE,4123,35044
F,20_R,region,FRF,7041,41431
F,20_R,region,FRG,7279,25300
F,20_R,region,FRH,754,30544
F,20_R,region,FRI,5125,38753
F,20_R,region,FRJ,2783,27076
F,20_R,region,FRK,8979,30495
F,20_R,region,FRL,8010,31366
F,20_R,region,FRY,1859,44296
F,21_S,region,FR1,45915,31548
F,21_S,region,FRB,4039,26763
F,21_S,region,FRC,6171,30387
F,21_S,region,FRD,8319,24588
F,21_S,region,FRE,10861,23147
F,21_S,region,FRF,19174,24664
F,21_S,region,FRG,12360,19133
F,21_S,region,FRH,3475,33926
F,21_S,region,FRI,11103,26309
F,21_S,region,FRJ,4130,31736
F,21_S,region,FRK,19421,24346
F,21_S,region,FRL,2853,37894
F,21_S,region,FRY,4732,36784
H,04_BDE,region,FR1,60345,53656
H,04_BDE,region,FRB,8579,36629
H,04_BDE,region,FRC,15129,40290
H,04_BDE,region,FRD,6898,56815
H,04_BDE,region,FRE,25751,49489
H,04_BDE,region,FRF,22137,50262
H,04_BDE,region,FRG,8844,40466
H,04_BDE,region,FRH,5891,47781
H,04_BDE,region,FRI,7846,43375
H,04_BDE,region,FRJ,25720,50557
H,04_BDE,region,FRK,47349,45060
H,04_BDE,region,FRL,23529,37923
H,04_BDE,region,FRY,6636,48271
H,05_C,region,FR1,199517,65789
H,05_C,region,FRB,83501,41595
H,05_C,region,FRC,120680,41082
H,05_C,region,FRD,141916,40002
H,05_C,region,FRE,164569,43009
H,05_C,region,FRF,217767,43424
H,05_C,region,FRG,166474,38212
H,05_C,region,FRH,120399,34827
H,05_C,region,FRI,147765,42615
H,05_C,region,FRJ,106500,45389
H,05_C,region,FRK,259231,51247
H,05_C,region,FRL,84643,49076
H,05_C,region,FRY,15199,40657
H,06_F,region,FR1,186943,44267
H,06_F,region,FRB,35575,33610
H,06_F,region,FRC,29272,36490
H,06_F,region,FRD,42216,35173
H,06_F,region,FRE,64632,36152
H,06_F,region,FRF,55518,36502
H,06_F,region,FRG,62428,36283
H,06_F,region,FRH,59428,38759
H,06_F,region,FRI,53753,37686
H,06_F,region,FRJ,73398,35428
H,06_F,region,FRK,119968,34176
H,06_F,region,FRL,90697,33115
H,06_F,region,FRY,7150,39195
H,08_G,region,FR1,305874,52380
H,08_G,region,FRB,39655,36387
H,08_G,region,FRC,38608,31158
H,08_G,region,FRD,60018,31024
H,08_G,region,FRE,104363,39315
H,08_G,region,FRF,90762,38381
H,08_G,region,FRG,80805,37476
H,08_G,region,FRH,47168,33959
H,08_G,region,FRI,90189,35914
H,08_G,region,FRJ,162139,31891
H,08_G,region,FRK,188947,36246
H,08_G,region,FRL,64460,40575
H,08_G,region,FRY,39599,32454
H,09_H,region,FR1,329377,41904
H,09_H,region,FRB,26866,37279
H,09_H,region,FRC,30822,34451
H,09_H,region,FRD,27788,37014
H,09_H,region,FRE,111116,28062
H,09_H,region,FRF,40386,31030
H,09_H,region,FRG,52752,36309
H,09_H,region,FRH,36785,31442
H,09_H,region,FRI,54210,35926
H,09_H,region,FRJ,58236,38186
H,09_H,region,FRK,61645,37829
H,09_H,region,FRL,61577,36908
H,09_H,region,FRY,13850,36663
H,10_I,region,FR1,87854,32451
H,10_I,region,FRB,10907,34951
H,10_I,region,FRC,20119,17260
H,10_I,region,FRD,2762,20061
H,10_I,region,FRE,24581,22817
H,10_I,region,FRF,22175,29607
H,10_I,region,FRG,35560,23630
H,10_I,region,FRH,5079,39686
H,10_I,region,FRI,19246,33758
H,10_I,region,FRJ,25731,27597
H,10_I,region,FRK,70130,22684
H,10_I,region,FRL,17504,44557
H,10_I,region,FRY,2481,36549
H,11_J,region,FR1,249472,69275
H,11_J,region,FRB,6982,46866
H,11_J,region,FRC,3818,48357
H,11_J,region,FRD,6798,53220
H,11_J,region,FRE,21668,46408
H,11_J,region,FRF,21535,44486
H,11_J,region,FRG,33577,53976
H,11_J,region,FRH,30168,49007
H,11_J,region,FRI,27274,45646
H,11_J,region,FRJ,35657,55005
H,11_J,region,FRK,46876,53069
H,11_J,region,FRL,43600,55143
H,11_J,region,FRY,6159,51043
H,12_K,region,FR1,130400,106797
H,12_K,region,FRB,5551,56358
H,12_K,region,FRC,7868,61705
H,12_K,region,FRD,9982,54271
H,12_K,region,FRE,18473,52676
H,12_K,region,FRF,13267,52021
H,12_K,region,FRG,20759,48975
H,12_K,region,FRH,18757,50904
H,12_K,region,FRI,15289,72217
H,12_K,region,FRJ,21170,54947
H,12_K,region,FRK,21007,63589
H,12_K,region,FRL,15287,63171
H,12_K,region,FRY,4203,64097
H,13_L,region,FR1,25405,54507
H,13_L,region,FRB,1449,33494
H,13_L,region,FRC,6840,33473
H,13_L,region,FRD,2958,72433
H,13_L,region,FRE,7345,37471
H,13_L,region,FRF,2781,48016
H,13_L,region,FRG,1544,48153
H,13_L,region,FRH,2333,27572
H,13_L,region,FRI,4653,45103
H,13_L,region,FRJ,2103,38935
H,13_L,region,FRK,14879,40664
H,13_L,region,FRL,2719,48939
H,13_L,region,FRY,1715,73630
H,14_M,region,FR1,261808,77266
H,14_M,region,FRB,13814,41870
H,14_M,region,FRC,10038,54135
H,14_M,region,FRD,27700,40928
H,14_M,region,FRE,35834,48251
H,14_M,region,FRF,32513,44251
H,14_M,region,FRG,16365,49232
H,14_M,region,FRH,15912,37623
H,14_M,region,FRI,26388,47479
H,14_M,region,FRJ,60587,43780
H,14_M,region,FRK,98419,44886
H,14_M,region,FRL,37701,54897
H,14_M,region,FRY,4922,51701
H,15_N,region,FR1,318437,33828
H,15_N,region,FRB,16378,28042
H,15_N,region,FRC,26481,27084
H,15_N,region,FRD,16346,41269
H,15_N,region,FRE,100970,30359
H,15_N,region,FRF,54672,30819
H,15_N,region,FRG,45288,32294
H,15_N,region,FRH,46312,31557
H,15_N,region,FRI,81526,29498
H,15_N,region,FRJ,45620,30193
H,15_N,region,FRK,68790,32248
H,15_N,region,FRL,73519,35438
H,15_N,region,FRY,27833,26463
H,17_O,region,FR1,10367,46332
H,17_O,region,FRB,589,40364
H,17_O,region,FRC,952,46592
H,17_O,region,FRD,1204,48973
H,17_O,region,FRE,3095,37425
H,17_O,region,FRF,2020,44836
H,17_O,region,FRG,534,42653
H,17_O,region,FRH,846,58660
H,17_O,region,FRI,9275,26432
H,17_O,region,FRJ,2275,46260
H,17_O,region,FRK,4260,43876
H,17_O,region,FRL,9164,33628
H,17_O,region,FRY,1766,56598
H,18_P,region,FR1,5613,44548
H,18_P,region,FRB,1038,41447
H,18_P,region,FRC,3481,57280
H,18_P,region,FRD,1074,30250
H,18_P,region,FRE,4178,28457
H,18_P,region,FRF,3179,10250
H,18_P,region,FRG,3726,21684
H,18_P,region,FRH,145,47257
H,18_P,region,FRI,1031,37715
H,18_P,region,FRJ,1536,31865
H,18_P,region,FRK,1677,43161
H,18_P,region,FRL,3370,31044
H,18_P,region,FRY,303,52577
H,19_Q,region,FR1,56298,36544
H,19_Q,region,FRB,19929,25965
H,19_Q,region,FRC,8849,24747
H,19_Q,region,FRD,20411,28589
H,19_Q,region,FRE,36068,25342
H,19_Q,region,FRF,28326,30151
H,19_Q,region,FRG,8841,25302
H,19_Q,region,FRH,22335,28375
H,19_Q,region,FRI,38687,23743
H,19_Q,region,FRJ,39551,30070
H,19_Q,region,FRK,42568,35778
H,19_Q,region,FRL,47614,22731
H,19_Q,region,FRY,9739,31143
H,20_R,region,FR1,34184,60559
H,20_R,region,FRB,2440,33642
H,20_R,region,FRC,836,41353
H,20_R,region,FRD,1656,34450
H,20_R,region,FRE,7130,43434
H,20_R,region,FRF,7065,44915
H,20_R,region,FRG,3621,44920
H,20_R,region,FRH,413,47624
H,20_R,region,FRI,12939,48261
H,20_R,region,FRJ,8043,31421
H,20_R,region,FRK,14074,32733
H,20_R,region,FRL,7160,47934
H,20_R,region,FRY,1458,53058
H,21_S,region,FR1,22735,43951
H,21_S,region,FRB,2263,33033
H,21_S,region,FRC,12164,37417
H,21_S,region,FRD,8054,31522
H,21_S,region,FRE,10551,26492
H,21_S,region,FRF,2999,26959
H,21_S,region,FRG,8368,44683
H,21_S,region,FRH,4301,31529
H,21_S,region,FRI,13372,26956
H,21_S,region,FRJ,11255,21749
H,21_S,region,FRK,7828,33028
H,21_S,region,FRL,10732,27602
H,21_S,region,FRY,3645,36023
F,04_BDE,region,E,75392,48368
F,05_C,region,E,641781,39693
F,06_F,region,E,102256,40038
F,08_G,region,E,1127479,31322
F,09_H,region,E,383631,35600
F,10_I,region,E,332944,23732
F,11_J,region,E,257737,51575
F,12_K,region,E,438794,52550
F,13_L,region,E,103348,38250
F,14_M,region,E,530051,47060
F,15_N,region,E,898825,25802
F,17_O,region,E,199798,34131
F,18_P,region,E,36809,29063
F,19_Q,region,E,1333563,26848
F,20_R,region,E,85048,31476
F,21_S,region,E,152552,27571
H,04_BDE,region,E,264653,47484
H,05_C,region,E,1828159,45686
H,06_F,region,E,880977,37414
H,08_G,region,E,1312588,39550
H,09_H,region,E,905409,37125
H,10_I,region,E,344128,28233
H,11_J,region,E,533584,59640
H,12_K,region,E,302013,78623
H,13_L,region,E,76725,46670
H,14_M,region,E,642003,58747
H,15_N,region,E,922173,32145
H,17_O,region,E,46347,39520
H,18_P,region,E,30353,34423
H,19_Q,region,E,379215,29039
H,20_R,region,E,101018,47637
H,21_S,region,E,118268,33350
E,04_BDE,region,FR1,83777,55080
E,04_BDE,region,FRB,12014,39647
E,04_BDE,region,FRC,16399,40147
E,04_BDE,region,FRD,8265,56959
E,04_BDE,region,FRE,34257,45350
E,04_BDE,region,FRF,27899,50188
E,04_BDE,region,FRG,9256,40715
E,04_BDE,region,FRH,7731,50088
E,04_BDE,region,FRI,10344,42182
E,04_BDE,region,FRJ,39079,46483
E,04_BDE,region,FRK,56311,46209
E,04_BDE,region,FRL,26902,38905
E,04_BDE,region,FRY,7813,47705
E,05_C,region,FR1,294925,63075
E,05_C,region,FRB,129604,39072
E,05_C,region,FRC,152886,39551
E,05_C,region,FRD,176870,39631
E,05_C,region,FRE,205175,42574
E,05_C,region,FRF,281445,41909
E,05_C,region,FRG,220526,37056
E,05_C,region,FRH,167837,34661
E,05_C,region,FRI,185498,41775
E,05_C,region,FRJ,135932,44293
E,05_C,region,FRK,377140,46454
E,05_C,region,FRL,120391,46548
E,05_C,region,FRY,21711,39093
E,06_F,region,FR1,214966,44620
E,06_F,region,FRB,37702,33338
E,06_F,region,FRC,31582,36613
E,06_F,region,FRD,43665,35269
E,06_F,region,FRE,72892,36277
E,06_F,region,FRF,62030,36277
E,06_F,region,FRG,67971,36182
E,06_F,region,FRH,63372,39376
E,06_F,region,FRI,59669,38715
E,06_F,region,FRJ,83536,35155
E,06_F,region,FRK,138166,33919
E,06_F,region,FRL,100055,34311
E,06_F,region,FRY,7628,39257
E,08_G,region,FR1,553243,47032
E,08_G,region,FRB,82184,32837
E,08_G,region,FRC,60397,29572
E,08_G,region,FRD,123522,30568
E,08_G,region,FRE,211467,33973
E,08_G,region,FRF,155805,34362
E,08_G,region,FRG,140183,34689
E,08_G,region,FRH,106386,29872
E,08_G,region,FRI,220623,30400
E,08_G,region,FRJ,244177,30749
E,08_G,region,FRK,330125,34241
E,08_G,region,FRL,146728,34061
E,08_G,region,FRY,65226,28738
E,09_H,region,FR1,457789,41728
E,09_H,region,FRB,38613,35676
E,09_H,region,FRC,53516,31848
E,09_H,region,FRD,40947,35849
E,09_H,region,FRE,145116,28462
E,09_H,region,FRF,57586,30111
E,09_H,region,FRG,69325,35398
E,09_H,region,FRH,47039,31989
E,09_H,region,FRI,94418,33270
E,09_H,region,FRJ,92912,35233
E,09_H,region,FRK,84918,37189
E,09_H,region,FRL,88890,39854
E,09_H,region,FRY,17971,37777
E,10_I,region,FR1,174809,27726
E,10_I,region,FRB,14341,36484
E,10_I,region,FRC,28630,19080
E,10_I,region,FRD,10394,22146
E,10_I,region,FRE,54938,19622
E,10_I,region,FRF,68309,24907
E,10_I,region,FRG,45059,25932
E,10_I,region,FRH,16731,30323
E,10_I,region,FRI,38943,28604
E,10_I,region,FRJ,56188,25255
E,10_I,region,FRK,107271,24061
E,10_I,region,FRL,53709,31280
E,10_I,region,FRY,7750,28487
E,11_J,region,FR1,385324,65315
E,11_J,region,FRB,9033,46401
E,11_J,region,FRC,6304,46092
E,11_J,region,FRD,10319,51477
E,11_J,region,FRE,32515,49104
E,11_J,region,FRF,34067,41785
E,11_J,region,FRG,46070,50022
E,11_J,region,FRH,37878,47561
E,11_J,region,FRI,35746,47041
E,11_J,region,FRJ,50636,52334
E,11_J,region,FRK,70293,50254
E,11_J,region,FRL,66027,50834
E,11_J,region,FRY,7110,50777
E,12_K,region,FR1,269236,88163
E,12_K,region,FRB,16370,48985
E,12_K,region,FRC,24128,49578
E,12_K,region,FRD,21354,48989
E,12_K,region,FRE,47801,48985
E,12_K,region,FRF,37326,45566
E,12_K,region,FRG,50261,43923
E,12_K,region,FRH,47614,47707
E,12_K,region,FRI,44834,55583
E,12_K,region,FRJ,62830,45187
E,12_K,region,FRK,72588,49942
E,12_K,region,FRL,31197,54954
E,12_K,region,FRY,15270,53878
E,13_L,region,FR1,55271,48962
E,13_L,region,FRB,3701,34519
E,13_L,region,FRC,10584,33250
E,13_L,region,FRD,10338,41272
E,13_L,region,FRE,14978,35537
E,13_L,region,FRF,7754,41862
E,13_L,region,FRG,4785,37994
E,13_L,region,FRH,7006,29801
E,13_L,region,FRI,12174,37819
E,13_L,region,FRJ,7163,38195
E,13_L,region,FRK,31625,40985
E,13_L,region,FRL,9914,39032
E,13_L,region,FRY,4781,53445
E,14_M,region,FR1,489715,68410
E,14_M,region,FRB,19842,40727
E,14_M,region,FRC,26425,40813
E,14_M,region,FRD,50994,37749
E,14_M,region,FRE,56060,47215
E,14_M,region,FRF,52611,42877
E,14_M,region,FRG,34259,44953
E,14_M,region,FRH,36100,35256
E,14_M,region,FRI,48425,43407
E,14_M,region,FRJ,92652,41433
E,14_M,region,FRK,183979,43161
E,14_M,region,FRL,70104,47161
E,14_M,region,FRY,10890,40399
E,15_N,region,FR1,545793,33101
E,15_N,region,FRB,45839,25950
E,15_N,region,FRC,55754,26460
E,15_N,region,FRD,38801,29138
E,15_N,region,FRE,201318,26868
E,15_N,region,FRF,124582,26464
E,15_N,region,FRG,106504,27602
E,15_N,region,FRH,93100,27919
E,15_N,region,FRI,141909,27717
E,15_N,region,FRJ,104243,26385
E,15_N,region,FRK,172750,26430
E,15_N,region,FRL,145164,29952
E,15_N,region,FRY,45242,24909
E,17_O,region,FR1,65006,39566
E,17_O,region,FRB,2458,37722
E,17_O,region,FRC,5037,35159
E,17_O,region,FRD,7975,35492
E,17_O,region,FRE,14164,32735
E,17_O,region,FRF,15610,33671
E,17_O,region,FRG,2989,33831
E,17_O,region,FRH,5488,37853
E,17_O,region,FRI,39826,29625
E,17_O,region,FRJ,32375,32450
E,17_O,region,FRK,21010,35871
E,17_O,region,FRL,26554,34414
E,17_O,region,FRY,7653,43163
E,18_P,region,FR1,18131,36271
E,18_P,region,FRB,2551,34956
E,18_P,region,FRC,4483,53202
E,18_P,region,FRD,2554,29780
E,18_P,region,FRE,9615,29111
E,18_P,region,FRF,4520,16064
E,18_P,region,FRG,5221,21441
E,18_P,region,FRH,467,33888
E,18_P,region,FRI,2300,33241
E,18_P,region,FRJ,6269,28169
E,18_P,region,FRK,5043,26809
E,18_P,region,FRL,5419,29246
E,18_P,region,FRY,589,44851
E,19_Q,region,FR1,265202,32468
E,19_Q,region,FRB,83035,25636
E,19_Q,region,FRC,54156,23878
E,19_Q,region,FRD,97928,27317
E,19_Q,region,FRE,138016,25075
E,19_Q,region,FRF,168388,25828
E,19_Q,region,FRG,121941,24697
E,19_Q,region,FRH,71888,27781
E,19_Q,region,FRI,168198,24983
E,19_Q,region,FRJ,153794,28533
E,19_Q,region,FRK,173248,30040
E,19_Q,region,FRL,174313,24909
E,19_Q,region,FRY,42670,27131
E,20_R,region,FR1,67755,45306
E,20_R,region,FRB,4759,33137
E,20_R,region,FRC,2263,27677
E,20_R,region,FRD,3433,30794
E,20_R,region,FRE,11253,40360
E,20_R,region,FRF,14106,43176
E,20_R,region,FRG,10900,31824
E,20_R,region,FRH,1166,36587
E,20_R,region,FRI,18064,45563
E,20_R,region,FRJ,10826,30302
E,20_R,region,FRK,23052,31861
E,20_R,region,FRL,15170,39095
E,20_R,region,FRY,3317,48148
E,21_S,region,FR1,68650,35656
E,21_S,region,FRB,6302,29015
E,21_S,region,FRC,18335,35051
E,21_S,region,FRD,16373,27999
E,21_S,region,FRE,21412,24795
E,21_S,region,FRF,22173,24974
E,21_S,region,FRG,20728,29484
E,21_S,region,FRH,7776,32600
E,21_S,region,FRI,24475,26662
E,21_S,region,FRJ,15385,24430
E,21_S,region,FRK,27249,26840
E,21_S,region,FRL,13585,29762
E,21_S,region,FRY,8377,36453
E,04_BDE,region,E,340045,47679
E,05_C,region,E,2469940,44127
E,06_F,region,E,983233,37688
E,08_G,region,E,2440067,35768
E,09_H,region,E,1289040,36678
E,10_I,region,E,677072,26020
E,11_J,region,E,791321,57014
E,12_K,region,E,740808,63179
E,13_L,region,E,180073,41836
E,14_M,region,E,1172054,53458
E,15_N,region,E,1820998,29012
E,17_O,region,E,246145,35146
E,18_P,region,E,67162,31485
E,19_Q,region,E,1712778,27331
E,20_R,region,E,186066,40242
E,21_S,region,E,270820,30096
F,01_B_S,profession,1,803392,65632
F,01_B_S,profession,2,815728,47620
F,01_B_S,profession,3,1258205,35424
F,01_B_S,profession,4,1230277,28002
F,01_B_S,profession,5,1138275,24751
F,01_B_S,profession,6,103410,27066
F,01_B_S,profession,8,257941,28598
F,01_B_S,profession,9,1092780,18350
H,01_B_S,profession,1,1008696,86241
H,01_B_S,profession,2,1204316,64844
H,01_B_S,profession,3,1582452,42051
H,01_B_S,profession,4,807128,28393
H,01_B_S,profession,5,660588,28958
H,01_B_S,profession,6,1119544,31095
H,01_B_S,profession,8,1331326,32173
H,01_B_S,profession,9,973563,22803
F,01_B_S,profession,E,6700009,34195
H,01_B_S,profession,E,8687613,42996
E,01_B_S,profession,1,1812087,77099
E,01_B_S,profession,2,2020045,57888
E,01_B_S,profession,3,2840657,39110
E,01_B_S,profession,4,2037405,28157
E,01_B_S,profession,5,1798863,26303
E,01_B_S,profession,6,1222954,30755
E,01_B_S,profession,8,1589267,31602
E,01_B_S,profession,9,2066343,20447
E,01_B_S,profession,E,15387622,39166
F,02_B_N,profession,1,709901,67539
F,02_B_N,profession,2,453319,58006
F,02_B_N,profession,3,886297,37941
F,02_B_N,profession,4,1043548,28115
F,02_B_N,profession,5,731974,24632
F,02_B_N,profession,6,88422,27663
F,02_B_N,profession,8,255739,28622
F,02_B_N,profession,9,723039,18571
H,02_B_N,profession,1,928761,88253
H,02_B_N,profession,2,1074031,67196
H,02_B_N,profession,3,1467998,42438
H,02_B_N,profession,4,760174,28536
H,02_B_N,profession,5,564505,29272
H,02_B_N,profession,6,1085306,31297
H,02_B_N,profession,8,1287554,32661
H,02_B_N,profession,9,844083,23898
F,02_B_N,profession,E,4892238,36505
H,02_B_N,profession,E,8012413,43792
E,02_B_N,profession,1,1638662,79275
E,02_B_N,profession,2,1527350,64471
E,02_B_N,profession,3,2354295,40743
E,02_B_N,profession,4,1803721,28292
E,02_B_N,profession,5,1296479,26667
E,02_B_N,profession,6,1173728,31023
E,02_B_N,profession,8,1543294,32003
E,02_B_N,profession,9,1567122,21439
E,02_B_N,profession,E,12904651,41034
F,03_B_E,profession,1,89527,70948
F,03_B_E,profession,2,82592,66595
F,03_B_E,profession,3,170125,39542
F,03_B_E,profession,4,97664,30420
F,03_B_E,profession,5,49324,21651
F,03_B_E,profession,6,55480,27610
F,03_B_E,profession,8,128947,29326
F,03_B_E,profession,9,43514,27189
F,07_G_N,profession,1,600827,67197
F,07_G_N,profession,2,362821,55989
F,07_G_N,profession,3,688605,37571
F,07_G_N,profession,4,903753,27825
F,07_G_N,profession,5,681579,24851
F,07_G_N,profession,6,29507,27378
F,07_G_N,profession,8,126688,27850
F,07_G_N,profession,9,679027,18019
F,16_O_S,profession,1,93491,51163
F,16_O_S,profession,2,362410,34655
F,16_O_S,profession,3,371908,29444
F,16_O_S,profession,4,186729,27374
F,16_O_S,profession,5,406301,24962
F,16_O_S,profession,6,14989,23566
F,16_O_S,profession,8,2202,25877
F,16_O_S,profession,9,369741,17917
H,03_B_E,profession,1,153531,98107
H,03_B_E,profession,2,317184,71133
H,03_B_E,profession,3,509242,44734
H,03_B_E,profession,4,54955,34035
H,03_B_E,profession,5,8049,33974
H,03_B_E,profession,6,372613,31162
H,03_B_E,profession,8,522936,33782
H,03_B_E,profession,9,154302,27409
H,07_G_N,profession,1,712525,87526
H,07_G_N,profession,2,712230,65883
H,07_G_N,profession,3,755328,41278
H,07_G_N,profession,4,689373,28024
H,07_G_N,profession,5,554603,29196
H,07_G_N,profession,6,351726,30338
H,07_G_N,profession,8,701202,31615
H,07_G_N,profession,9,561637,23188
H,16_O_S,profession,1,79935,62863
H,16_O_S,profession,2,130285,45387
H,16_O_S,profession,3,114454,37060
H,16_O_S,profession,4,46954,26085
H,16_O_S,profession,5,96084,27121
H,16_O_S,profession,6,34238,24741
H,16_O_S,profession,8,43772,17890
H,16_O_S,profession,9,129480,15665
F,03_B_E,profession,E,717173,40604
F,07_G_N,profession,E,4072809,35690
F,16_O_S,profession,E,1807771,27977
H,03_B_E,profession,E,2092812,45914
H,07_G_N,profession,E,5038624,44024
H,16_O_S,profession,E,675200,33546
E,03_B_E,profession,1,243058,88099
E,03_B_E,profession,2,399776,70196
E,03_B_E,profession,3,679367,43433
E,03_B_E,profession,4,152620,31723
E,03_B_E,profession,5,57373,23380
E,03_B_E,profession,6,428093,30705
E,03_B_E,profession,8,651883,32896
E,03_B_E,profession,9,197816,27361
E,07_G_N,profession,1,1313353,78220
E,07_G_N,profession,2,1075051,62546
E,07_G_N,profession,3,1443933,39506
E,07_G_N,profession,4,1593127,27912
E,07_G_N,profession,5,1236183,26816
E,07_G_N,profession,6,381233,30109
E,07_G_N,profession,8,827890,31062
E,07_G_N,profession,9,1240664,20358
E,16_O_S,profession,1,173426,56550
E,16_O_S,profession,2,492694,37484
E,16_O_S,profession,3,486362,31223
E,16_O_S,profession,4,233683,27115
E,16_O_S,profession,5,502384,25375
E,16_O_S,profession,6,49226,24384
E,16_O_S,profession,8,45974,18273
E,16_O_S,profession,9,499221,17333
E,03_B_E,profession,E,2809986,44558
E,07_G_N,profession,E,9111433,40305
E,16_O_S,profession,E,2482971,29489
F,04_BDE,profession,1,11616,70715
F,04_BDE,profession,2,18331,64763
F,04_BDE,profession,3,24021,41906
F,04_BDE,profession,4,15188,29350
F,04_BDE,profession,5,158,33398
F,04_BDE,profession,6,1040,31302
F,04_BDE,profession,8,2688,31964
F,04_BDE,profession,9,2350,24464
F,05_C,profession,1,77912,70982
F,05_C,profession,2,64261,67118
F,05_C,profession,3,146104,39153
F,05_C,profession,4,82477,30615
F,05_C,profession,5,49166,21613
F,05_C,profession,6,54440,27539
F,05_C,profession,8,126259,29269
F,05_C,profession,9,41164,27344
F,06_F,profession,1,19546,62425
F,06_F,profession,2,7906,60604
F,06_F,profession,3,27566,37261
F,06_F,profession,4,42130,28974
F,06_F,profession,5,1071,24882
F,06_F,profession,6,3435,30961
F,06_F,profession,8,104,48347
F,06_F,profession,9,498,18284
F,08_G,profession,1,127524,64842
F,08_G,profession,2,30819,56736
F,08_G,profession,3,105406,38161
F,08_G,profession,4,363279,25329
F,08_G,profession,5,456185,24028
F,08_G,profession,6,5720,27060
F,08_G,profession,8,10027,22620
F,08_G,profession,9,28519,23145
F,09_H,profession,1,36773,58561
F,09_H,profession,2,41136,45266
F,09_H,profession,3,88551,34765
F,09_H,profession,4,72011,28609
F,09_H,profession,5,42288,34698
F,09_H,profession,6,4453,41424
F,09_H,profession,8,87116,28533
F,09_H,profession,9,11303,27702
F,10_I,profession,1,8310,63941
F,10_I,profession,2,8994,34181
F,10_I,profession,3,22576,31240
F,10_I,profession,4,49913,27053
F,10_I,profession,5,95627,21777
F,10_I,profession,6,3152,20016
F,10_I,profession,8,264,38563
F,10_I,profession,9,144108,19786
F,11_J,profession,1,64447,66847
F,11_J,profession,2,107690,57292
F,11_J,profession,3,43071,36314
F,11_J,profession,4,35092,28070
F,11_J,profession,5,5960,39124
F,11_J,profession,6,192,42893
F,11_J,profession,8,406,24443
F,11_J,profession,9,879,16526
F,12_K,profession,1,146796,73517
F,12_K,profession,2,22229,80101
F,12_K,profession,3,185443,41223
F,12_K,profession,4,81943,33992
F,12_K,profession,5,674,30748
F,12_K,profession,6,5,71238
F,12_K,profession,9,1704,20643
F,13_L,profession,1,29851,51859
F,13_L,profession,2,3775,53937
F,13_L,profession,3,29657,35246
F,13_L,profession,4,30473,28944
F,13_L,profession,5,7689,29090
F,13_L,profession,6,138,28252
F,13_L,profession,8,57,39627
F,13_L,profession,9,1708,25185
F,14_M,profession,1,140696,67520
F,14_M,profession,2,130851,55853
F,14_M,profession,3,124636,35460
F,14_M,profession,4,100442,30002
F,14_M,profession,5,14280,22457
F,14_M,profession,6,3684,23774
F,14_M,profession,8,6061,17680
F,14_M,profession,9,9403,20239
F,15_N,profession,1,46430,70457
F,15_N,profession,2,17327,53241
F,15_N,profession,3,89266,37954
F,15_N,profession,4,170599,28551
F,15_N,profession,5,58877,27510
F,15_N,profession,6,12163,25110
F,15_N,profession,8,22759,30353
F,15_N,profession,9,481403,16884
F,17_O,profession,1,34813,46452
F,17_O,profession,2,7750,41953
F,17_O,profession,3,71233,33324
F,17_O,profession,4,82333,29304
F,17_O,profession,5,695,35214
F,17_O,profession,6,14,35942
F,17_O,profession,9,2959,22208
F,18_P,profession,1,7211,43284
F,18_P,profession,2,14490,24086
F,18_P,profession,3,5006,34177
F,18_P,profession,4,6267,27145
F,18_P,profession,5,2314,21264
F,18_P,profession,6,74,29362
F,18_P,profession,8,55,21160
F,18_P,profession,9,1392,10668
F,19_Q,profession,1,24439,54566
F,19_Q,profession,2,310039,34773
F,19_Q,profession,3,232906,29386
F,19_Q,profession,4,62500,24083
F,19_Q,profession,5,369181,25159
F,19_Q,profession,6,8475,20008
F,19_Q,profession,8,1636,24571
F,19_Q,profession,9,324387,18026
F,20_R,profession,1,11412,61739
F,20_R,profession,2,9850,37433
F,20_R,profession,3,31605,21740
F,20_R,profession,4,16503,28898
F,20_R,profession,5,9561,29770
F,20_R,profession,6,1482,35421
F,20_R,profession,8,87,39507
F,20_R,profession,9,4547,21895
F,21_S,profession,1,15616,52259
F,21_S,profession,2,20280,36276
F,21_S,profession,3,31159,28057
F,21_S,profession,4,19125,28585
F,21_S,profession,5,24549,20188
F,21_S,profession,6,4944,25989
F,21_S,profession,8,424,28721
F,21_S,profession,9,36456,16385
H,04_BDE,profession,1,14360,90444
H,04_BDE,profession,2,47401,70815
H,04_BDE,profession,3,110013,43344
H,04_BDE,profession,4,2247,33172
H,04_BDE,profession,5,272,38884
H,04_BDE,profession,6,14499,35725
H,04_BDE,profession,8,41481,41139
H,04_BDE,profession,9,34380,24238
H,05_C,profession,1,139170,98899
H,05_C,profession,2,269783,71189
H,05_C,profession,3,399228,45118
H,05_C,profession,4,52709,34072
H,05_C,profession,5,7777,33803
H,05_C,profession,6,358114,30977
H,05_C,profession,8,481455,33144
H,05_C,profession,9,119923,28318
H,06_F,profession,1,62705,72390
H,06_F,profession,2,44618,60125
H,06_F,profession,3,203429,40970
H,06_F,profession,4,15845,31685
H,06_F,profession,5,1852,31400
H,06_F,profession,6,360967,32377
H,06_F,profession,8,63417,35010
H,06_F,profession,9,128144,22781
H,08_G,profession,1,177652,86413
H,08_G,profession,2,63530,71723
H,08_G,profession,3,178293,40681
H,08_G,profession,4,334914,25657
H,08_G,profession,5,224182,29401
H,08_G,profession,6,172048,28673
H,08_G,profession,8,104550,28366
H,08_G,profession,9,57418,28702
H,09_H,profession,1,57919,60955
H,09_H,profession,2,44231,53128
H,09_H,profession,3,124770,48463
H,09_H,profession,4,97841,29089
H,09_H,profession,5,21840,42994
H,09_H,profession,6,64867,30096
H,09_H,profession,8,462835,32686
H,09_H,profession,9,31107,28515
H,10_I,profession,1,22698,57715
H,10_I,profession,2,3013,43390
H,10_I,profession,3,14595,37786
H,10_I,profession,4,25829,39796
H,10_I,profession,5,114379,28236
H,10_I,profession,6,12293,31233
H,10_I,profession,8,13648,22822
H,10_I,profession,9,137672,20152
H,11_J,profession,1,85731,85675
H,11_J,profession,2,299587,63851
H,11_J,profession,3,105160,37940
H,11_J,profession,4,34676,29445
H,11_J,profession,5,4842,37251
H,11_J,profession,6,2421,41723
H,11_J,profession,8,722,51240
H,11_J,profession,9,445,43580
H,12_K,profession,1,138784,102304
H,12_K,profession,2,40574,106473
H,12_K,profession,3,87276,45995
H,12_K,profession,4,34308,34287
H,12_K,profession,5,743,30883
H,12_K,profession,6,73,40355
H,12_K,profession,8,76,45290
H,12_K,profession,9,178,35068
H,13_L,profession,1,20198,76243
H,13_L,profession,2,2865,70197
H,13_L,profession,3,19097,40034
H,13_L,profession,4,6970,29016
H,13_L,profession,5,14778,32301
H,13_L,profession,6,9142,30944
H,13_L,profession,8,108,47240
H,13_L,profession,9,3566,29423
H,14_M,profession,1,158474,93463
H,14_M,profession,2,231774,62926
H,14_M,profession,3,142256,38146
H,14_M,profession,4,55533,26110
H,14_M,profession,5,4826,37251
H,14_M,profession,6,6315,33360
H,14_M,profession,8,27505,25817
H,14_M,profession,9,15319,25185
H,15_N,profession,1,51069,83877
H,15_N,profession,2,26656,61002
H,15_N,profession,3,83880,37660
H,15_N,profession,4,99301,30217
H,15_N,profession,5,169013,27055
H,15_N,profession,6,84566,33154
H,15_N,profession,8,91757,32807
H,15_N,profession,9,315930,22782
H,17_O,profession,1,14234,52710
H,17_O,profession,2,6012,46065
H,17_O,profession,3,10484,34642
H,17_O,profession,4,14947,28083
H,17_O,profession,5,350,31746
H,17_O,profession,6,286,30964
H,17_O,profession,8,35,44028
H,18_P,profession,1,6003,54742
H,18_P,profession,2,9809,35790
H,18_P,profession,3,4060,40304
H,18_P,profession,4,5239,17129
H,18_P,profession,5,4024,21824
H,18_P,profession,6,206,28945
H,18_P,profession,8,54,25085
H,18_P,profession,9,959,17503
H,19_Q,profession,1,17073,53586
H,19_Q,profession,2,90275,46971
H,19_Q,profession,3,41772,34564
H,19_Q,profession,4,5521,23937
H,19_Q,profession,5,70607,27136
H,19_Q,profession,6,14928,22054
H,19_Q,profession,8,22802,14256
H,19_Q,profession,9,116236,14901
H,20_R,profession,1,18215,93340
H,20_R,profession,2,13110,45830
H,20_R,profession,3,35501,43551
H,20_R,profession,4,7961,30702
H,20_R,profession,5,11389,26198
H,20_R,profession,6,10910,28329
H,20_R,profession,8,1865,33384
H,20_R,profession,9,2066,27734
H,21_S,profession,1,24410,54721
H,21_S,profession,2,11079,40209
H,21_S,profession,3,22637,31901
H,21_S,profession,4,13287,25498
H,21_S,profession,5,9714,30125
H,21_S,profession,6,7908,24535
H,21_S,profession,8,19015,20660
H,21_S,profession,9,10219,21783
F,04_BDE,profession,E,75392,48368
F,05_C,profession,E,641781,39693
F,06_F,profession,E,102256,40038
F,08_G,profession,E,1127479,31322
F,09_H,profession,E,383631,35600
F,10_I,profession,E,332944,23732
F,11_J,profession,E,257737,51575
F,12_K,profession,E,438794,52550
F,13_L,profession,E,103348,38250
F,14_M,profession,E,530051,47060
F,15_N,profession,E,898825,25802
F,17_O,profession,E,199798,34131
F,18_P,profession,E,36809,29063
F,19_Q,profession,E,1333563,26848
F,20_R,profession,E,85048,31476
F,21_S,profession,E,152552,27571
H,04_BDE,profession,E,264653,47484
H,05_C,profession,E,1828159,45686
H,06_F,profession,E,880977,37414
H,08_G,profession,E,1312588,39550
H,09_H,profession,E,905409,37125
H,10_I,profession,E,344128,28233
H,11_J,profession,E,533584,59640
H,12_K,profession,E,302013,78623
H,13_L,profession,E,76725,46670
H,14_M,profession,E,642003,58747
H,15_N,profession,E,922173,32145
H,17_O,profession,E,46347,39520
H,18_P,profession,E,30353,34423
H,19_Q,profession,E,379215,29039
H,20_R,profession,E,101018,47637
H,21_S,profession,E,118268,33350
E,04_BDE,profession,1,25976,81622
E,04_BDE,profession,2,65732,69127
E,04_BDE,profession,3,134035,43086
E,04_BDE,profession,4,17434,29849
E,04_BDE,profession,5,431,36866
E,04_BDE,profession,6,15539,35429
E,04_BDE,profession,8,44169,40581
E,04_BDE,profession,9,36730,24252
E,05_C,profession,1,217082,88874
E,05_C,profession,2,334044,70407
E,05_C,profession,3,545332,43519
E,05_C,profession,4,135185,31962
E,05_C,profession,5,56943,23278
E,05_C,profession,6,412554,30527
E,05_C,profession,8,607714,32334
E,05_C,profession,9,161086,28069
E,06_F,profession,1,82251,70021
E,06_F,profession,2,52524,60197
E,06_F,profession,3,230995,40527
E,06_F,profession,4,57975,29715
E,06_F,profession,5,2923,29012
E,06_F,profession,6,364402,32364
E,06_F,profession,8,63521,35032
E,06_F,profession,9,128642,22764
E,08_G,profession,1,305176,77413
E,08_G,profession,2,94349,66824
E,08_G,profession,3,283699,39747
E,08_G,profession,4,698194,25486
E,08_G,profession,5,680367,25821
E,08_G,profession,6,177768,28621
E,08_G,profession,8,114577,27862
E,08_G,profession,9,85937,26858
E,09_H,profession,1,94692,60026
E,09_H,profession,2,85366,49301
E,09_H,profession,3,213321,42719
E,09_H,profession,4,169852,28889
E,09_H,profession,5,64128,37528
E,09_H,profession,6,69320,30826
E,09_H,profession,8,549950,32067
E,09_H,profession,9,42410,28298
E,10_I,profession,1,31008,59390
E,10_I,profession,2,12006,36492
E,10_I,profession,3,37171,33811
E,10_I,profession,4,75743,31399
E,10_I,profession,5,210005,25295
E,10_I,profession,6,15445,28944
E,10_I,profession,8,13913,23121
E,10_I,profession,9,281781,19965
E,11_J,profession,1,150178,77598
E,11_J,profession,2,407277,62117
E,11_J,profession,3,148231,37468
E,11_J,profession,4,69769,28754
E,11_J,profession,5,10802,38284
E,11_J,profession,6,2613,41809
E,11_J,profession,8,1128,41595
E,11_J,profession,9,1324,25612
E,12_K,profession,1,285580,87505
E,12_K,profession,2,62804,97140
E,12_K,profession,3,272719,42750
E,12_K,profession,4,116252,34079
E,12_K,profession,5,1417,30819
E,12_K,profession,6,79,42491
E,12_K,profession,8,76,45290
E,12_K,profession,9,1881,22005
E,13_L,profession,1,50048,61701
E,13_L,profession,2,6641,60953
E,13_L,profession,3,48754,37123
E,13_L,profession,4,37443,28957
E,13_L,profession,5,22467,31199
E,13_L,profession,6,9281,30903
E,13_L,profession,8,165,44619
E,13_L,profession,9,5274,28060
E,14_M,profession,1,299170,81212
E,14_M,profession,2,362625,60378
E,14_M,profession,3,266891,36892
E,14_M,profession,4,155975,28615
E,14_M,profession,5,19106,26192
E,14_M,profession,6,9998,29828
E,14_M,profession,8,33566,24348
E,14_M,profession,9,24722,23303
E,15_N,profession,1,97500,77486
E,15_N,profession,2,43984,57944
E,15_N,profession,3,173147,37813
E,15_N,profession,4,269901,29165
E,15_N,profession,5,227890,27173
E,15_N,profession,6,96729,32143
E,15_N,profession,8,114515,32319
E,15_N,profession,9,797334,19220
E,17_O,profession,1,49047,48268
E,17_O,profession,2,13762,43752
E,17_O,profession,3,81716,33493
E,17_O,profession,4,97280,29116
E,17_O,profession,5,1045,34054
E,17_O,profession,6,300,31196
E,17_O,profession,8,35,44028
E,17_O,profession,9,2959,22208
E,18_P,profession,1,13213,48487
E,18_P,profession,2,24298,28812
E,18_P,profession,3,9065,36921
E,18_P,profession,4,11506,22584
E,18_P,profession,5,6338,21620
E,18_P,profession,6,280,29056
E,18_P,profession,8,109,23100
E,18_P,profession,9,2351,13457
E,19_Q,profession,1,41512,54163
E,19_Q,profession,2,400314,37509
E,19_Q,profession,3,274678,30155
E,19_Q,profession,4,68021,24071
E,19_Q,profession,5,439788,25476
E,19_Q,profession,6,23403,21313
E,19_Q,profession,8,24438,14946
E,19_Q,profession,9,440623,17201
E,20_R,profession,1,29627,81112
E,20_R,profession,2,22961,42228
E,20_R,profession,3,67107,33278
E,20_R,profession,4,24464,29484
E,20_R,profession,5,20950,27828
E,20_R,profession,6,12392,29178
E,20_R,profession,8,1952,33658
E,20_R,profession,9,6613,23702
E,21_S,profession,1,40025,53761
E,21_S,profession,2,31359,37666
E,21_S,profession,3,53795,29676
E,21_S,profession,4,32412,27319
E,21_S,profession,5,34263,23005
E,21_S,profession,6,12851,25094
E,21_S,profession,8,19439,20836
E,21_S,profession,9,46675,17567
E,04_BDE,profession,E,340045,47679
E,05_C,profession,E,2469940,44127
E,06_F,profession,E,983233,37688
E,08_G,profession,E,2440067,35768
E,09_H,profession,E,1289040,36678
E,10_I,profession,E,677072,26020
E,11_J,profession,E,791321,57014
E,12_K,profession,E,740808,63179
E,13_L,profession,E,180073,41836
E,14_M,profession,E,1172054,53458
E,15_N,profession,E,1820998,29012
E,17_O,profession,E,246145,35146
E,18_P,profession,E,67162,31485
E,19_Q,profession,E,1712778,27331
E,20_R,profession,E,186066,40242
E,21_S,profession,E,270820,30096
F,01_B_S,taille_entreprise,E1000,2190792,37834
F,01_B_S,taille_entreprise,E10_49,1723302,29565
F,01_B_S,taille_entreprise,E250_499,671216,34644
F,01_B_S,taille_entreprise,E500_999,590908,36360
F,01_B_S,taille_entreprise,E50_249,1523791,33224
H,01_B_S,taille_entreprise,E1000,2745234,47325
H,01_B_S,taille_entreprise,E10_49,2292458,36745
H,01_B_S,taille_entreprise,E250_499,772959,46297
H,01_B_S,taille_entreprise,E500_999,783632,46711
H,01_B_S,taille_entreprise,E50_249,2093331,41584
F,01_B_S,taille_entreprise,E,6700009,34195
H,01_B_S,taille_entreprise,E,8687613,42996
E,01_B_S,taille_entreprise,E1000,4936026,43127
E,01_B_S,taille_entreprise,E10_49,4015759,33662
E,01_B_S,taille_entreprise,E250_499,1444175,40878
E,01_B_S,taille_entreprise,E500_999,1374540,42255
E,01_B_S,taille_entreprise,E50_249,3617122,38058
E,01_B_S,taille_entreprise,E,15387622,39166
F,02_B_N,taille_entreprise,E1000,1745063,39903
F,02_B_N,taille_entreprise,E10_49,1259028,31595
F,02_B_N,taille_entreprise,E250_499,436738,37671
F,02_B_N,taille_entreprise,E500_999,379013,40522
F,02_B_N,taille_entreprise,E50_249,1072397,34933
H,02_B_N,taille_entreprise,E1000,2563684,48427
H,02_B_N,taille_entreprise,E10_49,2106670,37067
H,02_B_N,taille_entreprise,E250_499,699937,47776
H,02_B_N,taille_entreprise,E500_999,725296,47609
H,02_B_N,taille_entreprise,E50_249,1916825,42117
F,02_B_N,taille_entreprise,E,4892238,36505
H,02_B_N,taille_entreprise,E,8012413,43792
E,02_B_N,taille_entreprise,E1000,4308747,44993
E,02_B_N,taille_entreprise,E10_49,3365698,35019
E,02_B_N,taille_entreprise,E250_499,1136675,43895
E,02_B_N,taille_entreprise,E500_999,1104309,45176
E,02_B_N,taille_entreprise,E50_249,2989222,39536
E,02_B_N,taille_entreprise,E,12904651,41034
F,03_B_E,taille_entreprise,E1000,206011,52676
F,03_B_E,taille_entreprise,E10_49,166907,28454
F,03_B_E,taille_entreprise,E250_499,99525,43326
F,03_B_E,taille_entreprise,E500_999,60481,44596
F,03_B_E,taille_entreprise,E50_249,184250,35366
F,07_G_N,taille_entreprise,E1000,1520239,38075
F,07_G_N,taille_entreprise,E10_49,1042062,31853
F,07_G_N,taille_entreprise,E250_499,330135,35761
F,07_G_N,taille_entreprise,E500_999,313651,39676
F,07_G_N,taille_entreprise,E50_249,866722,34727
F,16_O_S,taille_entreprise,E1000,445730,29846
F,16_O_S,taille_entreprise,E10_49,464273,24060
F,16_O_S,taille_entreprise,E250_499,234479,29006
F,16_O_S,taille_entreprise,E500_999,211895,28959
F,16_O_S,taille_entreprise,E50_249,451394,29167
H,03_B_E,taille_entreprise,E1000,675157,56056
H,03_B_E,taille_entreprise,E10_49,420525,34516
H,03_B_E,taille_entreprise,E250_499,255011,46147
H,03_B_E,taille_entreprise,E500_999,199535,49419
H,03_B_E,taille_entreprise,E50_249,542585,40735
H,07_G_N,taille_entreprise,E1000,1725713,46004
H,07_G_N,taille_entreprise,E10_49,1294430,38843
H,07_G_N,taille_entreprise,E250_499,375456,49749
H,07_G_N,taille_entreprise,E500_999,453278,47921
H,07_G_N,taille_entreprise,E50_249,1189747,43528
H,16_O_S,taille_entreprise,E1000,181549,31825
H,16_O_S,taille_entreprise,E10_49,185788,33100
H,16_O_S,taille_entreprise,E250_499,73022,31871
H,16_O_S,taille_entreprise,E500_999,58336,35630
H,16_O_S,taille_entreprise,E50_249,176506,35785
F,03_B_E,taille_entreprise,E,717173,40604
F,07_G_N,taille_entreprise,E,4072809,35690
F,16_O_S,taille_entreprise,E,1807771,27977
H,03_B_E,taille_entreprise,E,2092812,45914
H,07_G_N,taille_entreprise,E,5038624,44024
H,16_O_S,taille_entreprise,E,675200,33546
E,03_B_E,taille_entreprise,E1000,881168,55265
E,03_B_E,taille_entreprise,E10_49,587432,32794
E,03_B_E,taille_entreprise,E250_499,354536,45355
E,03_B_E,taille_entreprise,E500_999,260015,48308
E,03_B_E,taille_entreprise,E50_249,726835,39369
E,07_G_N,taille_entreprise,E1000,3245952,42308
E,07_G_N,taille_entreprise,E10_49,2336492,35725
E,07_G_N,taille_entreprise,E250_499,705591,43209
E,07_G_N,taille_entreprise,E500_999,766928,44544
E,07_G_N,taille_entreprise,E50_249,2056470,39817
E,16_O_S,taille_entreprise,E1000,627279,30419
E,16_O_S,taille_entreprise,E10_49,650061,26644
E,16_O_S,taille_entreprise,E250_499,307500,29678
E,16_O_S,taille_entreprise,E500_999,270231,30400
E,16_O_S,taille_entreprise,E50_249,627899,31023
E,03_B_E,taille_entreprise,E,2809986,44558
E,07_G_N,taille_entreprise,E,9111433,40305
E,16_O_S,taille_entreprise,E,2482971,29489
F,04_BDE,taille_entreprise,E1000,51580,54361
F,04_BDE,taille_entreprise,E10_49,3956,37495
F,04_BDE,taille_entreprise,E250_499,3743,37990
F,04_BDE,taille_entreprise,E500_999,2588,46870
F,04_BDE,taille_entreprise,E50_249,13526,31830
F,05_C,taille_entreprise,E1000,154431,52113
F,05_C,taille_entreprise,E10_49,162951,28234
F,05_C,taille_entreprise,E250_499,95782,43535
F,05_C,taille_entreprise,E500_999,57892,44502
F,05_C,taille_entreprise,E50_249,170725,35647
F,06_F,taille_entreprise,E1000,18813,45505
F,06_F,taille_entreprise,E10_49,50059,36717
F,06_F,taille_entreprise,E250_499,7078,47133
F,06_F,taille_entreprise,E500_999,4882,44943
F,06_F,taille_entreprise,E50_249,21424,39539
F,08_G,taille_entreprise,E1000,327772,30575
F,08_G,taille_entreprise,E10_49,326375,29535
F,08_G,taille_entreprise,E250_499,116470,29366
F,08_G,taille_entreprise,E500_999,75333,39890
F,08_G,taille_entreprise,E50_249,281529,32774
F,09_H,taille_entreprise,E1000,276975,36528
F,09_H,taille_entreprise,E10_49,34406,30402
F,09_H,taille_entreprise,E250_499,18415,35450
F,09_H,taille_entreprise,E500_999,20688,34189
F,09_H,taille_entreprise,E50_249,33147,34531
F,10_I,taille_entreprise,E1000,71569,24894
F,10_I,taille_entreprise,E10_49,164451,24223
F,10_I,taille_entreprise,E250_499,6653,31364
F,10_I,taille_entreprise,E500_999,17621,27421
F,10_I,taille_entreprise,E50_249,72649,19883
F,11_J,taille_entreprise,E1000,98596,56640
F,11_J,taille_entreprise,E10_49,50685,46086
F,11_J,taille_entreprise,E250_499,23107,49522
F,11_J,taille_entreprise,E500_999,19683,48694
F,11_J,taille_entreprise,E50_249,65667,49793
F,12_K,taille_entreprise,E1000,300982,51314
F,12_K,taille_entreprise,E10_49,45080,46265
F,12_K,taille_entreprise,E250_499,24380,57961
F,12_K,taille_entreprise,E500_999,33311,58203
F,12_K,taille_entreprise,E50_249,35042,62114
F,13_L,taille_entreprise,E1000,15879,37390
F,13_L,taille_entreprise,E10_49,27977,33624
F,13_L,taille_entreprise,E250_499,12472,42734
F,13_L,taille_entreprise,E500_999,12259,34129
F,13_L,taille_entreprise,E50_249,34761,42221
F,14_M,taille_entreprise,E1000,113110,54414
F,14_M,taille_entreprise,E10_49,211008,40431
F,14_M,taille_entreprise,E250_499,41734,57174
F,14_M,taille_entreprise,E500_999,49957,50499
F,14_M,taille_entreprise,E50_249,114242,46859
F,15_N,taille_entreprise,E1000,315356,25639
F,15_N,taille_entreprise,E10_49,182082,25427
F,15_N,taille_entreprise,E250_499,86905,23525
F,15_N,taille_entreprise,E500_999,84798,28492
F,15_N,taille_entreprise,E50_249,229685,26193
F,17_O,taille_entreprise,E1000,72071,35776
F,17_O,taille_entreprise,E10_49,14450,32059
F,17_O,taille_entreprise,E250_499,51209,33220
F,17_O,taille_entreprise,E500_999,38237,34036
F,17_O,taille_entreprise,E50_249,23831,32523
F,18_P,taille_entreprise,E1000,2187,41374
F,18_P,taille_entreprise,E10_49,16876,29596
F,18_P,taille_entreprise,E250_499,2486,26533
F,18_P,taille_entreprise,E500_999,2043,34725
F,18_P,taille_entreprise,E50_249,13217,25943
F,19_Q,taille_entreprise,E1000,344221,27952
F,19_Q,taille_entreprise,E10_49,313841,23163
F,19_Q,taille_entreprise,E250_499,166958,27524
F,19_Q,taille_entreprise,E500_999,160636,27820
F,19_Q,taille_entreprise,E50_249,347907,28309
F,20_R,taille_entreprise,E1000,11248,45030
F,20_R,taille_entreprise,E10_49,45420,23460
F,20_R,taille_entreprise,E250_499,3794,32214
F,20_R,taille_entreprise,E500_999,3342,29277
F,20_R,taille_entreprise,E50_249,21244,41659
F,21_S,taille_entreprise,E1000,16003,31618
F,21_S,taille_entreprise,E10_49,73686,25417
F,21_S,taille_entreprise,E250_499,10031,31506
F,21_S,taille_entreprise,E500_999,7637,25844
F,21_S,taille_entreprise,E50_249,45195,29072
H,04_BDE,taille_entreprise,E1000,154992,53712
H,04_BDE,taille_entreprise,E10_49,34798,34136
H,04_BDE,taille_entreprise,E250_499,19343,40783
H,04_BDE,taille_entreprise,E500_999,14599,42527
H,04_BDE,taille_entreprise,E50_249,40921,40183
H,05_C,taille_entreprise,E1000,520165,56757
H,05_C,taille_entreprise,E10_49,385726,34550
H,05_C,taille_entreprise,E250_499,235668,46587
H,05_C,taille_entreprise,E500_999,184936,49965
H,05_C,taille_entreprise,E50_249,501664,40781
H,06_F,taille_entreprise,E1000,162814,42368
H,06_F,taille_entreprise,E10_49,391715,33918
H,06_F,taille_entreprise,E250_499,69470,43084
H,06_F,taille_entreprise,E500_999,72484,40585
H,06_F,taille_entreprise,E50_249,184493,37069
H,08_G,taille_entreprise,E1000,352421,36782
H,08_G,taille_entreprise,E10_49,405767,38439
H,08_G,taille_entreprise,E250_499,94446,45354
H,08_G,taille_entreprise,E500_999,119535,41545
H,08_G,taille_entreprise,E50_249,340420,41432
H,09_H,taille_entreprise,E1000,420881,42562
H,09_H,taille_entreprise,E10_49,131867,31298
H,09_H,taille_entreprise,E250_499,74164,35546
H,09_H,taille_entreprise,E500_999,70609,35611
H,09_H,taille_entreprise,E50_249,207887,31066
H,10_I,taille_entreprise,E1000,64936,28906
H,10_I,taille_entreprise,E10_49,184437,29699
H,10_I,taille_entreprise,E250_499,13114,33656
H,10_I,taille_entreprise,E500_999,14159,32275
H,10_I,taille_entreprise,E50_249,67482,21680
H,11_J,taille_entreprise,E1000,204882,60874
H,11_J,taille_entreprise,E10_49,115214,51282
H,11_J,taille_entreprise,E250_499,36656,68781
H,11_J,taille_entreprise,E500_999,49224,62498
H,11_J,taille_entreprise,E50_249,127608,61481
H,12_K,taille_entreprise,E1000,186331,69908
H,12_K,taille_entreprise,E10_49,32871,78034
H,12_K,taille_entreprise,E250_499,16524,91471
H,12_K,taille_entreprise,E500_999,31554,98090
H,12_K,taille_entreprise,E50_249,34733,102133
H,13_L,taille_entreprise,E1000,7593,44160
H,13_L,taille_entreprise,E10_49,14168,50659
H,13_L,taille_entreprise,E250_499,10229,52295
H,13_L,taille_entreprise,E500_999,13275,38665
H,13_L,taille_entreprise,E50_249,31460,47017
H,14_M,taille_entreprise,E1000,186258,59912
H,14_M,taille_entreprise,E10_49,178999,50186
H,14_M,taille_entreprise,E250_499,49331,83332
H,14_M,taille_entreprise,E500_999,73925,60843
H,14_M,taille_entreprise,E50_249,153491,58430
H,15_N,taille_entreprise,E1000,302411,31715
H,15_N,taille_entreprise,E10_49,231107,29866
H,15_N,taille_entreprise,E250_499,80992,32556
H,15_N,taille_entreprise,E500_999,80997,32244
H,15_N,taille_entreprise,E50_249,226666,34858
H,17_O,taille_entreprise,E1000,17425,42488
H,17_O,taille_entreprise,E10_49,12102,25788
H,17_O,taille_entreprise,E250_499,7790,47884
H,17_O,taille_entreprise,E500_999,6946,42827
H,17_O,taille_entreprise,E50_249,2085,52155
H,18_P,taille_entreprise,E1000,1824,45257
H,18_P,taille_entreprise,E10_49,20977,33334
H,18_P,taille_entreprise,E250_499,1129,35345
H,18_P,taille_entreprise,E500_999,555,68956
H,18_P,taille_entreprise,E50_249,5868,31502
H,19_Q,taille_entreprise,E1000,129880,26956
H,19_Q,taille_entreprise,E10_49,39590,37786
H,19_Q,taille_entreprise,E250_499,51114,24564
H,19_Q,taille_entreprise,E500_999,44781,28347
H,19_Q,taille_entreprise,E50_249,113850,30603
H,20_R,taille_entreprise,E1000,9280,87188
H,20_R,taille_entreprise,E10_49,57400,32577
H,20_R,taille_entreprise,E250_499,7453,57895
H,20_R,taille_entreprise,E500_999,2494,129523
H,20_R,taille_entreprise,E50_249,24390,56613
H,21_S,taille_entreprise,E1000,23140,27825
H,21_S,taille_entreprise,E10_49,55719,31808
H,21_S,taille_entreprise,E250_499,5536,39312
H,21_S,taille_entreprise,E500_999,3560,42219
H,21_S,taille_entreprise,E50_249,30314,38270
F,04_BDE,taille_entreprise,E,75392,48368
F,05_C,taille_entreprise,E,641781,39693
F,06_F,taille_entreprise,E,102256,40038
F,08_G,taille_entreprise,E,1127479,31322
F,09_H,taille_entreprise,E,383631,35600
F,10_I,taille_entreprise,E,332944,23732
F,11_J,taille_entreprise,E,257737,51575
F,12_K,taille_entreprise,E,438794,52550
F,13_L,taille_entreprise,E,103348,38250
F,14_M,taille_entreprise,E,530051,47060
F,15_N,taille_entreprise,E,898825,25802
F,17_O,taille_entreprise,E,199798,34131
F,18_P,taille_entreprise,E,36809,29063
F,19_Q,taille_entreprise,E,1333563,26848
F,20_R,taille_entreprise,E,85048,31476
F,21_S,taille_entreprise,E,152552,27571
H,04_BDE,taille_entreprise,E,264653,47484
H,05_C,taille_entreprise,E,1828159,45686
H,06_F,taille_entreprise,E,880977,37414
H,08_G,taille_entreprise,E,1312588,39550
H,09_H,taille_entreprise,E,905409,37125
H,10_I,taille_entreprise,E,344128,28233
H,11_J,taille_entreprise,E,533584,59640
H,12_K,taille_entreprise,E,302013,78623
H,13_L,taille_entreprise,E,76725,46670
H,14_M,taille_entreprise,E,642003,58747
H,15_N,taille_entreprise,E,922173,32145
H,17_O,taille_entreprise,E,46347,39520
H,18_P,taille_entreprise,E,30353,34423
H,19_Q,taille_entreprise,E,379215,29039
H,20_R,taille_entreprise,E,101018,47637
H,21_S,taille_entreprise,E,118268,33350
E,04_BDE,taille_entreprise,E1000,206571,53874
E,04_BDE,taille_entreprise,E10_49,38754,34478
E,04_BDE,taille_entreprise,E250_499,23086,40330
E,04_BDE,taille_entreprise,E500_999,17187,43131
E,04_BDE,taille_entreprise,E50_249,54447,38108
E,05_C,taille_entreprise,E1000,674596,55692
E,05_C,taille_entreprise,E10_49,548678,32674
E,05_C,taille_entreprise,E250_499,331450,45705
E,05_C,taille_entreprise,E500_999,242828,48671
E,05_C,taille_entreprise,E50_249,672389,39471
E,06_F,taille_entreprise,E1000,181627,42693
E,06_F,taille_entreprise,E10_49,441775,34237
E,06_F,taille_entreprise,E250_499,76548,43459
E,06_F,taille_entreprise,E500_999,77365,40865
E,06_F,taille_entreprise,E50_249,205917,37326
E,08_G,taille_entreprise,E1000,680193,33841
E,08_G,taille_entreprise,E10_49,732142,34468
E,08_G,taille_entreprise,E250_499,210915,36537
E,08_G,taille_entreprise,E500_999,194868,40904
E,08_G,taille_entreprise,E50_249,621949,37516
E,09_H,taille_entreprise,E1000,697856,40200
E,09_H,taille_entreprise,E10_49,166273,31113
E,09_H,taille_entreprise,E250_499,92579,35527
E,09_H,taille_entreprise,E500_999,91297,35289
E,09_H,taille_entreprise,E50_249,241035,31546
E,10_I,taille_entreprise,E1000,136505,26802
E,10_I,taille_entreprise,E10_49,348888,27117
E,10_I,taille_entreprise,E250_499,19767,32884
E,10_I,taille_entreprise,E500_999,31781,29584
E,10_I,taille_entreprise,E50_249,140131,20748
E,11_J,taille_entreprise,E1000,303478,59498
E,11_J,taille_entreprise,E10_49,165899,49695
E,11_J,taille_entreprise,E250_499,59763,61335
E,11_J,taille_entreprise,E500_999,68906,58564
E,11_J,taille_entreprise,E50_249,193275,57511
E,12_K,taille_entreprise,E1000,487312,58424
E,12_K,taille_entreprise,E10_49,77951,59662
E,12_K,taille_entreprise,E250_499,40904,71496
E,12_K,taille_entreprise,E500_999,64865,77581
E,12_K,taille_entreprise,E50_249,69775,82045
E,13_L,taille_entreprise,E1000,23472,39580
E,13_L,taille_entreprise,E10_49,42144,39351
E,13_L,taille_entreprise,E250_499,22701,47059
E,13_L,taille_entreprise,E500_999,25534,36487
E,13_L,taille_entreprise,E50_249,66222,44496
E,14_M,taille_entreprise,E1000,299368,57835
E,14_M,taille_entreprise,E10_49,390007,44908
E,14_M,taille_entreprise,E250_499,91064,71343
E,14_M,taille_entreprise,E500_999,123882,56648
E,14_M,taille_entreprise,E50_249,267733,53494
E,15_N,taille_entreprise,E1000,617767,28607
E,15_N,taille_entreprise,E10_49,413189,27910
E,15_N,taille_entreprise,E250_499,167897,27879
E,15_N,taille_entreprise,E500_999,165796,30324
E,15_N,taille_entreprise,E50_249,456351,30497
E,17_O,taille_entreprise,E1000,89496,37083
E,17_O,taille_entreprise,E10_49,26552,29200
E,17_O,taille_entreprise,E250_499,58999,35157
E,17_O,taille_entreprise,E500_999,45183,35390
E,17_O,taille_entreprise,E50_249,25915,34102
E,18_P,taille_entreprise,E1000,4010,43140
E,18_P,taille_entreprise,E10_49,37853,31668
E,18_P,taille_entreprise,E250_499,3615,29285
E,18_P,taille_entreprise,E500_999,2598,42039
E,18_P,taille_entreprise,E50_249,19085,27652
E,19_Q,taille_entreprise,E1000,474101,27680
E,19_Q,taille_entreprise,E10_49,353430,24801
E,19_Q,taille_entreprise,E250_499,218073,26843
E,19_Q,taille_entreprise,E500_999,205417,27935
E,19_Q,taille_entreprise,E50_249,461757,28873
E,20_R,taille_entreprise,E1000,20528,64081
E,20_R,taille_entreprise,E10_49,102821,28549
E,20_R,taille_entreprise,E250_499,11247,49251
E,20_R,taille_entreprise,E500_999,5836,72121
E,20_R,taille_entreprise,E50_249,45634,49621
E,21_S,taille_entreprise,E1000,39143,29376
E,21_S,taille_entreprise,E10_49,129405,28169
E,21_S,taille_entreprise,E250_499,15567,34281
E,21_S,taille_entreprise,E500_999,11197,31051
E,21_S,taille_entreprise,E50_249,75509,32768
E,04_BDE,taille_entreprise,E,340045,47679
E,05_C,taille_entreprise,E,2469940,44127
E,06_F,taille_entreprise,E,983233,37688
E,08_G,taille_entreprise,E,2440067,35768
E,09_H,taille_entreprise,E,1289040,36678
E,10_I,taille_entreprise,E,677072,26020
E,11_J,taille_entreprise,E,791321,57014
E,12_K,taille_entreprise,E,740808,63179
E,13_L,taille_entreprise,E,180073,41836
E,14_M,taille_entreprise,E,1172054,53458
E,15_N,taille_entreprise,E,1820998,29012
E,17_O,taille_entreprise,E,246145,35146
E,18_P,taille_entreprise,E,67162,31485
E,19_Q,taille_entreprise,E,1712778,27331
E,20_R,taille_entreprise,E,186066,40242
E,21_S,taille_entreprise,E,270820,30096
