SEXE;REG_NAF;REG;NB_POSTES;REMU_TOT_ANNU
F;01_B_S;FR1;1724962;44383
F;01_B_S;FRB;232834;30566
F;01_B_S;FRC;214920;29533
F;01_B_S;FRD;285952;30570
F;01_B_S;FRE;530652;29748
F;01_B_S;FRF;517106;29156
F;01_B_S;FRG;406493;29632
F;01_B_S;FRH;301304;31272
F;01_B_S;FRI;542004;29783
F;01_B_S;FRJ;508477;30940
F;01_B_S;FRK;807119;32817
F;01_B_S;FRL;500845;31544
F;01_B_S;FRY;127339;30279
H;01_B_S;FR1;2284630;55518
H;01_B_S;FRB;275514;37292
H;01_B_S;FRC;335958;36795
H;01_B_S;FRD;377779;38144
H;01_B_S;FRE;740324;36818
H;01_B_S;FRF;617104;39318
H;01_B_S;FRG;549484;37856
H;01_B_S;FRH;416273;36378
H;01_B_S;FRI;603443;37993
H;01_B_S;FRJ;679519;38140
H;01_B_S;FRK;1067648;41090
H;01_B_S;FRL;593277;40495
H;01_B_S;FRY;146659;37079
F;01_B_S;E;6700009;34195
H;01_B_S;E;8687613;42996
E;01_B_S;FR1;4009592;50729
E;01_B_S;FRB;508348;34213
E;01_B_S;FRC;550878;33957
E;01_B_S;FRD;663731;34863
E;01_B_S;FRE;1270976;33866
E;01_B_S;FRF;1134210;34682
E;01_B_S;FRG;955978;34358
E;01_B_S;FRH;717578;34234
E;01_B_S;FRI;1145447;34114
E;01_B_S;FRJ;1187996;35058
E;01_B_S;FRK;1874767;37548
E;01_B_S;FRL;1094123;36395
E;01_B_S;FRY;273998;33911
E;01_B_S;E;15387622;39166
F;02_B_N;FR1;1369416;47512
F;02_B_N;FRB;159987;32550
F;02_B_N;FRC;156929;31136
F;02_B_N;FRD;190088;32243
F;02_B_N;FRE;397213;31049
F;02_B_N;FRF;335898;30793
F;02_B_N;FRG;269804;32348
F;02_B_N;FRH;242559;31959
F;02_B_N;FRI;364446;31296
F;02_B_N;FRJ;352486;31929
F;02_B_N;FRK;627924;34153
F;02_B_N;FRL;343844;33505
F;02_B_N;FRY;81644;30676
H;02_B_N;FR1;2155432;56119
H;02_B_N;FRB;249256;38248
H;02_B_N;FRC;309676;36842
H;02_B_N;FRD;345380;38867
H;02_B_N;FRE;679303;37567
H;02_B_N;FRF;573514;39910
H;02_B_N;FRG;524394;38020
H;02_B_N;FRH;388233;36828
H;02_B_N;FRI;528139;39268
H;02_B_N;FRJ;616861;39030
H;02_B_N;FRK;997242;41484
H;02_B_N;FRL;515236;42491
H;02_B_N;FRY;129748;37072
F;02_B_N;E;4892238;36505
H;02_B_N;E;8012413;43792
E;02_B_N;FR1;3524848;52778
E;02_B_N;FRB;409243;36023
E;02_B_N;FRC;466604;34920
E;02_B_N;FRD;535469;36502
E;02_B_N;FRE;1076516;35162
E;02_B_N;FRF;909413;36541
E;02_B_N;FRG;794198;36093
E;02_B_N;FRH;630792;34956
E;02_B_N;FRI;892584;36029
E;02_B_N;FRJ;969347;36449
E;02_B_N;FRK;1625165;38675
E;02_B_N;FRL;859080;38893
E;02_B_N;FRY;211392;34599
E;02_B_N;E;12904651;41034
F;03_B_E;FR1;118840;57667
F;03_B_E;FRB;49539;35382
F;03_B_E;FRC;33475;33988
F;03_B_E;FRD;36321;38890
F;03_B_E;FRE;49112;39431
F;03_B_E;FRF;69440;37825
F;03_B_E;FRG;54464;33595
F;03_B_E;FRH;49277;35106
F;03_B_E;FRI;40232;38463
F;03_B_E;FRJ;42791;39801
F;03_B_E;FRK;126871;37040
F;03_B_E;FRL;39121;41048
F;03_B_E;FRY;7689;36845
F;07_G_N;FR1;1222554;46534
F;07_G_N;FRB;108321;31324
F;07_G_N;FRC;121144;30213
F;07_G_N;FRD;152318;30601
F;07_G_N;FRE;339841;29687
F;07_G_N;FRF;259946;28819
F;07_G_N;FRG;209796;31952
F;07_G_N;FRH;189339;30788
F;07_G_N;FRI;318297;30061
F;07_G_N;FRJ;299556;30759
F;07_G_N;FRK;482854;33455
F;07_G_N;FRL;295365;32112
F;07_G_N;FRY;73478;29965
F;16_O_S;FR1;355546;32361
F;16_O_S;FRB;72847;26221
F;16_O_S;FRC;57992;25203
F;16_O_S;FRD;95864;27255
F;16_O_S;FRE;133439;25867
F;16_O_S;FRF;181208;26129
F;16_O_S;FRG;136690;24277
F;16_O_S;FRH;58745;28441
F;16_O_S;FRI;177558;26730
F;16_O_S;FRJ;155991;28709
F;16_O_S;FRK;179195;28224
F;16_O_S;FRL;157001;27251
F;16_O_S;FRY;45695;29577
H;03_B_E;FR1;259861;62968
H;03_B_E;FRB;92079;41133
H;03_B_E;FRC;135810;40994
H;03_B_E;FRD;148813;40796
H;03_B_E;FRE;190320;43886
H;03_B_E;FRF;239904;44055
H;03_B_E;FRG;175318;38326
H;03_B_E;FRH;126290;35433
H;03_B_E;FRI;155611;42653
H;03_B_E;FRJ;132219;46395
H;03_B_E;FRK;306580;50289
H;03_B_E;FRL;108172;46637
H;03_B_E;FRY;21835;42986
H;07_G_N;FR1;1708627;56365
H;07_G_N;FRB;121602;37419
H;07_G_N;FRC;144594;32990
H;07_G_N;FRD;154352;38047
H;07_G_N;FRE;424351;34949
H;07_G_N;FRF;278093;36999
H;07_G_N;FRG;286649;38213
H;07_G_N;FRH;202514;37132
H;07_G_N;FRI;318775;37864
H;07_G_N;FRJ;411243;37302
H;07_G_N;FRK;570694;38261
H;07_G_N;FRL;316368;43769
H;07_G_N;FRY;100763;35625
H;16_O_S;FR1;129198;45422
H;16_O_S;FRB;26259;28222
H;16_O_S;FRC;26282;36239
H;16_O_S;FRD;32399;30446
H;16_O_S;FRE;61021;28481
H;16_O_S;FRF;43589;31553
H;16_O_S;FRG;25090;34435
H;16_O_S;FRH;28040;30153
H;16_O_S;FRI;75304;29078
H;16_O_S;FRJ;62659;29379
H;16_O_S;FRK;70407;35529
H;16_O_S;FRL;78041;27309
H;16_O_S;FRY;16911;37126
F;03_B_E;E;717173;40604
F;07_G_N;E;4072809;35690
F;16_O_S;E;1807771;27977
H;03_B_E;E;2092812;45914
H;07_G_N;E;5038624;44024
H;16_O_S;E;675200;33546
E;03_B_E;FR1;378701;61304
E;03_B_E;FRB;141618;39121
E;03_B_E;FRC;169285;39609
E;03_B_E;FRD;185135;40417
E;03_B_E;FRE;239432;42972
E;03_B_E;FRF;309343;42656
E;03_B_E;FRG;229782;37204
E;03_B_E;FRH;175567;35341
E;03_B_E;FRI;195843;41796
E;03_B_E;FRJ;175011;44782
E;03_B_E;FRK;433451;46422
E;03_B_E;FRL;147293;45147
E;03_B_E;FRY;29524;41386
E;07_G_N;FR1;2931181;52270
E;07_G_N;FRB;229923;34551
E;07_G_N;FRC;265738;31720
E;07_G_N;FRD;306669;34344
E;07_G_N;FRE;764193;32608
E;07_G_N;FRF;538039;33043
E;07_G_N;FRG;496445;35566
E;07_G_N;FRH;391853;34066
E;07_G_N;FRI;637072;33977
E;07_G_N;FRJ;710800;34546
E;07_G_N;FRK;1053548;36080
E;07_G_N;FRL;611733;38141
E;07_G_N;FRY;174240;33233
E;16_O_S;FR1;484744;35820
E;16_O_S;FRB;99106;26751
E;16_O_S;FRC;84274;28645
E;16_O_S;FRD;128263;28056
E;16_O_S;FRE;194460;26688
E;16_O_S;FRF;224798;27181
E;16_O_S;FRG;161780;25852
E;16_O_S;FRH;86785;28994
E;16_O_S;FRI;252862;27426
E;16_O_S;FRJ;218649;28901
E;16_O_S;FRK;249602;30285
E;16_O_S;FRL;235042;27271
E;16_O_S;FRY;62606;31616
E;03_B_E;E;2809986;44558
E;07_G_N;E;9111433;40305
E;16_O_S;E;2482971;29489
F;04_BDE;FR1;23432;58747
F;04_BDE;FRB;3436;47182
F;04_BDE;FRC;1270;38448
F;04_BDE;FRD;1367;57683
F;04_BDE;FRE;8505;32820
F;04_BDE;FRF;5762;49906
F;04_BDE;FRG;412;46054
F;04_BDE;FRH;1839;57478
F;04_BDE;FRI;2498;38053
F;04_BDE;FRJ;13359;38640
F;04_BDE;FRK;8962;52279
F;04_BDE;FRL;3373;45754
F;04_BDE;FRY;1177;44513
F;05_C;FR1;95408;57402
F;05_C;FRB;46103;34502
F;05_C;FRC;32206;33812
F;05_C;FRD;34954;38155
F;05_C;FRE;40606;40816
F;05_C;FRF;63678;36732
F;05_C;FRG;54052;33500
F;05_C;FRH;47438;34239
F;05_C;FRI;37733;38488
F;05_C;FRJ;29432;40329
F;05_C;FRK;117909;35874
F;05_C;FRL;35749;40604
F;05_C;FRY;6512;35449
F;06_F;FR1;28022;46955
F;06_F;FRB;2127;28774
F;06_F;FRC;2310;38172
F;06_F;FRD;1449;38052
F;06_F;FRE;8260;37254
F;06_F;FRF;6512;34374
F;06_F;FRG;5544;35043
F;06_F;FRH;3943;48679
F;06_F;FRI;5917;47989
F;06_F;FRJ;10138;33174
F;06_F;FRK;18198;32258
F;06_F;FRL;9358;45904
F;06_F;FRY;477;40186
F;08_G;FR1;247369;40403
F;08_G;FRB;42529;29522
F;08_G;FRC;21789;26761
F;08_G;FRD;63504;30137
F;08_G;FRE;107104;28768
F;08_G;FRF;65042;28755
F;08_G;FRG;59378;30892
F;08_G;FRH;59218;26632
F;08_G;FRI;130434;26587
F;08_G;FRJ;82037;28468
F;08_G;FRK;141178;31357
F;08_G;FRL;82268;28970
F;08_G;FRY;25626;23046
F;09_H;FR1;128412;41267
F;09_H;FRB;11747;31913
F;09_H;FRC;22694;28417
F;09_H;FRD;13159;33407
F;09_H;FRE;34000;29772
F;09_H;FRF;17200;27882
F;09_H;FRG;16573;32487
F;09_H;FRH;10254;33966
F;09_H;FRI;40209;29270
F;09_H;FRJ;34676;30347
F;09_H;FRK;23273;35521
F;09_H;FRL;27313;46563
F;09_H;FRY;4121;41586
F;10_I;FR1;86956;22952
F;10_I;FRB;3434;41354
F;10_I;FRC;8511;23382
F;10_I;FRD;7632;22900
F;10_I;FRE;30357;17048
F;10_I;FRF;46134;22648
F;10_I;FRG;9499;34549
F;10_I;FRH;11652;26242
F;10_I;FRI;19697;23569
F;10_I;FRJ;30457;23276
F;10_I;FRK;37140;26660
F;10_I;FRL;36206;24860
F;10_I;FRY;5269;24692
F;11_J;FR1;135852;58041
F;11_J;FRB;2051;44816
F;11_J;FRC;2486;42612
F;11_J;FRD;3521;48111
F;11_J;FRE;10847;54488
F;11_J;FRF;12531;37144
F;11_J;FRG;12493;39388
F;11_J;FRH;7710;41903
F;11_J;FRI;8472;51531
F;11_J;FRJ;14978;45975
F;11_J;FRK;23417;44611
F;11_J;FRL;22426;42455
F;11_J;FRY;951;49052
F;12_K;FR1;138836;70660
F;12_K;FRB;10819;45264
F;12_K;FRC;16260;43710
F;12_K;FRD;11372;44353
F;12_K;FRE;29328;46665
F;12_K;FRF;24059;42006
F;12_K;FRG;29502;40381
F;12_K;FRH;28857;45629
F;12_K;FRI;29545;46985
F;12_K;FRJ;41660;40227
F;12_K;FRK;51581;44360
F;12_K;FRL;15910;47058
F;12_K;FRY;11067;49995
F;13_L;FR1;29866;44244
F;13_L;FRB;2252;35187
F;13_L;FRC;3743;32842
F;13_L;FRD;7380;28782
F;13_L;FRE;7633;33673
F;13_L;FRF;4973;38421
F;13_L;FRG;3241;33265
F;13_L;FRH;4672;30913
F;13_L;FRI;7521;33260
F;13_L;FRJ;5060;37887
F;13_L;FRK;16745;41267
F;13_L;FRL;7195;35287
F;13_L;FRY;3066;42157
F;14_M;FR1;227907;58223
F;14_M;FRB;6028;38106
F;14_M;FRC;16387;32652
F;14_M;FRD;23294;33967
F;14_M;FRE;20226;45382
F;14_M;FRF;20097;40730
F;14_M;FRG;17894;41040
F;14_M;FRH;20187;33391
F;14_M;FRI;22036;38532
F;14_M;FRJ;32065;36999
F;14_M;FRK;85560;41176
F;14_M;FRL;32402;38162
F;14_M;FRY;5967;31076
F;15_N;FR1;227357;32083
F;15_N;FRB;29461;24787
F;15_N;FRC;29273;25895
F;15_N;FRD;22455;20307
F;15_N;FRE;100348;23355
F;15_N;FRF;69909;23055
F;15_N;FRG;61215;24131
F;15_N;FRH;46788;24318
F;15_N;FRI;60383;25356
F;15_N;FRJ;58623;23421
F;15_N;FRK;103959;22581
F;15_N;FRL;71645;24322
F;15_N;FRY;17409;22425
F;17_O;FR1;54639;38282
F;17_O;FRB;1870;36891
F;17_O;FRC;4085;32495
F;17_O;FRD;6771;33094
F;17_O;FRE;11069;31424
F;17_O;FRF;13590;32012
F;17_O;FRG;2455;31913
F;17_O;FRH;4642;34010
F;17_O;FRI;30550;30595
F;17_O;FRJ;30100;31405
F;17_O;FRK;16750;33835
F;17_O;FRL;17390;34828
F;17_O;FRY;5887;39134
F;18_P;FR1;12518;32562
F;18_P;FRB;1513;30504
F;18_P;FRC;1002;39030
F;18_P;FRD;1479;29439
F;18_P;FRE;5438;29613
F;18_P;FRF;1341;29856
F;18_P;FRG;1494;20835
F;18_P;FRH;322;27850
F;18_P;FRI;1269;29604
F;18_P;FRJ;4733;26970
F;18_P;FRK;3366;18663
F;18_P;FRL;2049;26289
F;18_P;FRY;286;36375
F;19_Q;FR1;208904;31392
F;19_Q;FRB;63106;25532
F;19_Q;FRC;45307;23708
F;19_Q;FRD;77517;26987
F;19_Q;FRE;101948;24981
F;19_Q;FRF;140062;24954
F;19_Q;FRG;113101;24650
F;19_Q;FRH;49553;27513
F;19_Q;FRI;129511;25350
F;19_Q;FRJ;114244;28001
F;19_Q;FRK;130680;28171
F;19_Q;FRL;126699;25728
F;19_Q;FRY;32932;25945
F;20_R;FR1;33571;29779
F;20_R;FRB;2319;32606
F;20_R;FRC;1427;19669
F;20_R;FRD;1778;27390
F;20_R;FRE;4123;35044
F;20_R;FRF;7041;41431
F;20_R;FRG;7279;25300
F;20_R;FRH;754;30544
F;20_R;FRI;5125;38753
F;20_R;FRJ;2783;27076
F;20_R;FRK;8979;30495
F;20_R;FRL;8010;31366
F;20_R;FRY;1859;44296
F;21_S;FR1;45915;31548
F;21_S;FRB;4039;26763
F;21_S;FRC;6171;30387
F;21_S;FRD;8319;24588
F;21_S;FRE;10861;23147
F;21_S;FRF;19174;24664
F;21_S;FRG;12360;19133
F;21_S;FRH;3475;33926
F;21_S;FRI;11103;26309
F;21_S;FRJ;4130;31736
F;21_S;FRK;19421;24346
F;21_S;FRL;2853;37894
F;21_S;FRY;4732;36784
H;04_BDE;FR1;60345;53656
H;04_BDE;FRB;8579;36629
H;04_BDE;FRC;15129;40290
H;04_BDE;FRD;6898;56815
H;04_BDE;FRE;25751;49489
H;04_BDE;FRF;22137;50262
H;04_BDE;FRG;8844;40466
H;04_BDE;FRH;5891;47781
H;04_BDE;FRI;7846;43375
H;04_BDE;FRJ;25720;50557
H;04_BDE;FRK;47349;45060
H;04_BDE;FRL;23529;37923
H;04_BDE;FRY;6636;48271
H;05_C;FR1;199517;65789
H;05_C;FRB;83501;41595
H;05_C;FRC;120680;41082
H;05_C;FRD;141916;40002
H;05_C;FRE;164569;43009
H;05_C;FRF;217767;43424
H;05_C;FRG;166474;38212
H;05_C;FRH;120399;34827
H;05_C;FRI;147765;42615
H;05_C;FRJ;106500;45389
H;05_C;FRK;259231;51247
H;05_C;FRL;84643;49076
H;05_C;FRY;15199;40657
H;06_F;FR1;186943;44267
H;06_F;FRB;35575;33610
H;06_F;FRC;29272;36490
H;06_F;FRD;42216;35173
H;06_F;FRE;64632;36152
H;06_F;FRF;55518;36502
H;06_F;FRG;62428;36283
H;06_F;FRH;59428;38759
H;06_F;FRI;53753;37686
H;06_F;FRJ;73398;35428
H;06_F;FRK;119968;34176
H;06_F;FRL;90697;33115
H;06_F;FRY;7150;39195
H;08_G;FR1;305874;52380
H;08_G;FRB;39655;36387
H;08_G;FRC;38608;31158
H;08_G;FRD;60018;31024
H;08_G;FRE;104363;39315
H;08_G;FRF;90762;38381
H;08_G;FRG;80805;37476
H;08_G;FRH;47168;33959
H;08_G;FRI;90189;35914
H;08_G;FRJ;162139;31891
H;08_G;FRK;188947;36246
H;08_G;FRL;64460;40575
H;08_G;FRY;39599;32454
H;09_H;FR1;329377;41904
H;09_H;FRB;26866;37279
H;09_H;FRC;30822;34451
H;09_H;FRD;27788;37014
H;09_H;FRE;111116;28062
H;09_H;FRF;40386;31030
H;09_H;FRG;52752;36309
H;09_H;FRH;36785;31442
H;09_H;FRI;54210;35926
H;09_H;FRJ;58236;38186
H;09_H;FRK;61645;37829
H;09_H;FRL;61577;36908
H;09_H;FRY;13850;36663
H;10_I;FR1;87854;32451
H;10_I;FRB;10907;34951
H;10_I;FRC;20119;17260
H;10_I;FRD;2762;20061
H;10_I;FRE;24581;22817
H;10_I;FRF;22175;29607
H;10_I;FRG;35560;23630
H;10_I;FRH;5079;39686
H;10_I;FRI;19246;33758
H;10_I;FRJ;25731;27597
H;10_I;FRK;70130;22684
H;10_I;FRL;17504;44557
H;10_I;FRY;2481;36549
H;11_J;FR1;249472;69275
H;11_J;FRB;6982;46866
H;11_J;FRC;3818;48357
H;11_J;FRD;6798;53220
H;11_J;FRE;21668;46408
H;11_J;FRF;21535;44486
H;11_J;FRG;33577;53976
H;11_J;FRH;30168;49007
H;11_J;FRI;27274;45646
H;11_J;FRJ;35657;55005
H;11_J;FRK;46876;53069
H;11_J;FRL;43600;55143
H;11_J;FRY;6159;51043
H;12_K;FR1;130400;106797
H;12_K;FRB;5551;56358
H;12_K;FRC;7868;61705
H;12_K;FRD;9982;54271
H;12_K;FRE;18473;52676
H;12_K;FRF;13267;52021
H;12_K;FRG;20759;48975
H;12_K;FRH;18757;50904
H;12_K;FRI;15289;72217
H;12_K;FRJ;21170;54947
H;12_K;FRK;21007;63589
H;12_K;FRL;15287;63171
H;12_K;FRY;4203;64097
H;13_L;FR1;25405;54507
H;13_L;FRB;1449;33494
H;13_L;FRC;6840;33473
H;13_L;FRD;2958;72433
H;13_L;FRE;7345;37471
H;13_L;FRF;2781;48016
H;13_L;FRG;1544;48153
H;13_L;FRH;2333;27572
H;13_L;FRI;4653;45103
H;13_L;FRJ;2103;38935
H;13_L;FRK;14879;40664
H;13_L;FRL;2719;48939
H;13_L;FRY;1715;73630
H;14_M;FR1;261808;77266
H;14_M;FRB;13814;41870
H;14_M;FRC;10038;54135
H;14_M;FRD;27700;40928
H;14_M;FRE;35834;48251
H;14_M;FRF;32513;44251
H;14_M;FRG;16365;49232
H;14_M;FRH;15912;37623
H;14_M;FRI;26388;47479
H;14_M;FRJ;60587;43780
H;14_M;FRK;98419;44886
H;14_M;FRL;37701;54897
H;14_M;FRY;4922;51701
H;15_N;FR1;318437;33828
H;15_N;FRB;16378;28042
H;15_N;FRC;26481;27084
H;15_N;FRD;16346;41269
H;15_N;FRE;100970;30359
H;15_N;FRF;54672;30819
H;15_N;FRG;45288;32294
H;15_N;FRH;46312;31557
H;15_N;FRI;81526;29498
H;15_N;FRJ;45620;30193
H;15_N;FRK;68790;32248
H;15_N;FRL;73519;35438
H;15_N;FRY;27833;26463
H;17_O;FR1;10367;46332
H;17_O;FRB;589;40364
H;17_O;FRC;952;46592
H;17_O;FRD;1204;48973
H;17_O;FRE;3095;37425
H;17_O;FRF;2020;44836
H;17_O;FRG;534;42653
H;17_O;FRH;846;58660
H;17_O;FRI;9275;26432
H;17_O;FRJ;2275;46260
H;17_O;FRK;4260;43876
H;17_O;FRL;9164;33628
H;17_O;FRY;1766;56598
H;18_P;FR1;5613;44548
H;18_P;FRB;1038;41447
H;18_P;FRC;3481;57280
H;18_P;FRD;1074;30250
H;18_P;FRE;4178;28457
H;18_P;FRF;3179;10250
H;18_P;FRG;3726;21684
H;18_P;FRH;145;47257
H;18_P;FRI;1031;37715
H;18_P;FRJ;1536;31865
H;18_P;FRK;1677;43161
H;18_P;FRL;3370;31044
H;18_P;FRY;303;52577
H;19_Q;FR1;56298;36544
H;19_Q;FRB;19929;25965
H;19_Q;FRC;8849;24747
H;19_Q;FRD;20411;28589
H;19_Q;FRE;36068;25342
H;19_Q;FRF;28326;30151
H;19_Q;FRG;8841;25302
H;19_Q;FRH;22335;28375
H;19_Q;FRI;38687;23743
H;19_Q;FRJ;39551;30070
H;19_Q;FRK;42568;35778
H;19_Q;FRL;47614;22731
H;19_Q;FRY;9739;31143
H;20_R;FR1;34184;60559
H;20_R;FRB;2440;33642
H;20_R;FRC;836;41353
H;20_R;FRD;1656;34450
H;20_R;FRE;7130;43434
H;20_R;FRF;7065;44915
H;20_R;FRG;3621;44920
H;20_R;FRH;413;47624
H;20_R;FRI;12939;48261
H;20_R;FRJ;8043;31421
H;20_R;FRK;14074;32733
H;20_R;FRL;7160;47934
H;20_R;FRY;1458;53058
H;21_S;FR1;22735;43951
H;21_S;FRB;2263;33033
H;21_S;FRC;12164;37417
H;21_S;FRD;8054;31522
H;21_S;FRE;10551;26492
H;21_S;FRF;2999;26959
H;21_S;FRG;8368;44683
H;21_S;FRH;4301;31529
H;21_S;FRI;13372;26956
H;21_S;FRJ;11255;21749
H;21_S;FRK;7828;33028
H;21_S;FRL;10732;27602
H;21_S;FRY;3645;36023
F;04_BDE;E;75392;48368
F;05_C;E;641781;39693
F;06_F;E;102256;40038
F;08_G;E;1127479;31322
F;09_H;E;383631;35600
F;10_I;E;332944;23732
F;11_J;E;257737;51575
F;12_K;E;438794;52550
F;13_L;E;103348;38250
F;14_M;E;530051;47060
F;15_N;E;898825;25802
F;17_O;E;199798;34131
F;18_P;E;36809;29063
F;19_Q;E;1333563;26848
F;20_R;E;85048;31476
F;21_S;E;152552;27571
H;04_BDE;E;264653;47484
H;05_C;E;1828159;45686
H;06_F;E;880977;37414
H;08_G;E;1312588;39550
H;09_H;E;905409;37125
H;10_I;E;344128;28233
H;11_J;E;533584;59640
H;12_K;E;302013;78623
H;13_L;E;76725;46670
H;14_M;E;642003;58747
H;15_N;E;922173;32145
H;17_O;E;46347;39520
H;18_P;E;30353;34423
H;19_Q;E;379215;29039
H;20_R;E;101018;47637
H;21_S;E;118268;33350
E;04_BDE;FR1;83777;55080
E;04_BDE;FRB;12014;39647
E;04_BDE;FRC;16399;40147
E;04_BDE;FRD;8265;56959
E;04_BDE;FRE;34257;45350
E;04_BDE;FRF;27899;50188
E;04_BDE;FRG;9256;40715
E;04_BDE;FRH;7731;50088
E;04_BDE;FRI;10344;42182
E;04_BDE;FRJ;39079;46483
E;04_BDE;FRK;56311;46209
E;04_BDE;FRL;26902;38905
E;04_BDE;FRY;7813;47705
E;05_C;FR1;294925;63075
E;05_C;FRB;129604;39072
E;05_C;FRC;152886;39551
E;05_C;FRD;176870;39631
E;05_C;FRE;205175;42574
E;05_C;FRF;281445;41909
E;05_C;FRG;220526;37056
E;05_C;FRH;167837;34661
E;05_C;FRI;185498;41775
E;05_C;FRJ;135932;44293
E;05_C;FRK;377140;46454
E;05_C;FRL;120391;46548
E;05_C;FRY;21711;39093
E;06_F;FR1;214966;44620
E;06_F;FRB;37702;33338
E;06_F;FRC;31582;36613
E;06_F;FRD;43665;35269
E;06_F;FRE;72892;36277
E;06_F;FRF;62030;36277
E;06_F;FRG;67971;36182
E;06_F;FRH;63372;39376
E;06_F;FRI;59669;38715
E;06_F;FRJ;83536;35155
E;06_F;FRK;138166;33919
E;06_F;FRL;100055;34311
E;06_F;FRY;7628;39257
E;08_G;FR1;553243;47032
E;08_G;FRB;82184;32837
E;08_G;FRC;60397;29572
E;08_G;FRD;123522;30568
E;08_G;FRE;211467;33973
E;08_G;FRF;155805;34362
E;08_G;FRG;140183;34689
E;08_G;FRH;106386;29872
E;08_G;FRI;220623;30400
E;08_G;FRJ;244177;30749
E;08_G;FRK;330125;34241
E;08_G;FRL;146728;34061
E;08_G;FRY;65226;28738
E;09_H;FR1;457789;41728
E;09_H;FRB;38613;35676
E;09_H;FRC;53516;31848
E;09_H;FRD;40947;35849
E;09_H;FRE;145116;28462
E;09_H;FRF;57586;30111
E;09_H;FRG;69325;35398
E;09_H;FRH;47039;31989
E;09_H;FRI;94418;33270
E;09_H;FRJ;92912;35233
E;09_H;FRK;84918;37189
E;09_H;FRL;88890;39854
E;09_H;FRY;17971;37777
E;10_I;FR1;174809;27726
E;10_I;FRB;14341;36484
E;10_I;FRC;28630;19080
E;10_I;FRD;10394;22146
E;10_I;FRE;54938;19622
E;10_I;FRF;68309;24907
E;10_I;FRG;45059;25932
E;10_I;FRH;16731;30323
E;10_I;FRI;38943;28604
E;10_I;FRJ;56188;25255
E;10_I;FRK;107271;24061
E;10_I;FRL;53709;31280
E;10_I;FRY;7750;28487
E;11_J;FR1;385324;65315
E;11_J;FRB;9033;46401
E;11_J;FRC;6304;46092
E;11_J;FRD;10319;51477
E;11_J;FRE;32515;49104
E;11_J;FRF;34067;41785
E;11_J;FRG;46070;50022
E;11_J;FRH;37878;47561
E;11_J;FRI;35746;47041
E;11_J;FRJ;50636;52334
E;11_J;FRK;70293;50254
E;11_J;FRL;66027;50834
E;11_J;FRY;7110;50777
E;12_K;FR1;269236;88163
E;12_K;FRB;16370;48985
E;12_K;FRC;24128;49578
E;12_K;FRD;21354;48989
E;12_K;FRE;47801;48985
E;12_K;FRF;37326;45566
E;12_K;FRG;50261;43923
E;12_K;FRH;47614;47707
E;12_K;FRI;44834;55583
E;12_K;FRJ;62830;45187
E;12_K;FRK;72588;49942
E;12_K;FRL;31197;54954
E;12_K;FRY;15270;53878
E;13_L;FR1;55271;48962
E;13_L;FRB;3701;34519
E;13_L;FRC;10584;33250
E;13_L;FRD;10338;41272
E;13_L;FRE;14978;35537
E;13_L;FRF;7754;41862
E;13_L;FRG;4785;37994
E;13_L;FRH;7006;29801
E;13_L;FRI;12174;37819
E;13_L;FRJ;7163;38195
E;13_L;FRK;31625;40985
E;13_L;FRL;9914;39032
E;13_L;FRY;4781;53445
E;14_M;FR1;489715;68410
E;14_M;FRB;19842;40727
E;14_M;FRC;26425;40813
E;14_M;FRD;50994;37749
E;14_M;FRE;56060;47215
E;14_M;FRF;52611;42877
E;14_M;FRG;34259;44953
E;14_M;FRH;36100;35256
E;14_M;FRI;48425;43407
E;14_M;FRJ;92652;41433
E;14_M;FRK;183979;43161
E;14_M;FRL;70104;47161
E;14_M;FRY;10890;40399
E;15_N;FR1;545793;33101
E;15_N;FRB;45839;25950
E;15_N;FRC;55754;26460
E;15_N;FRD;38801;29138
E;15_N;FRE;201318;26868
E;15_N;FRF;124582;26464
E;15_N;FRG;106504;27602
E;15_N;FRH;93100;27919
E;15_N;FRI;141909;27717
E;15_N;FRJ;104243;26385
E;15_N;FRK;172750;26430
E;15_N;FRL;145164;29952
E;15_N;FRY;45242;24909
E;17_O;FR1;65006;39566
E;17_O;FRB;2458;37722
E;17_O;FRC;5037;35159
E;17_O;FRD;7975;35492
E;17_O;FRE;14164;32735
E;17_O;FRF;15610;33671
E;17_O;FRG;2989;33831
E;17_O;FRH;5488;37853
E;17_O;FRI;39826;29625
E;17_O;FRJ;32375;32450
E;17_O;FRK;21010;35871
E;17_O;FRL;26554;34414
E;17_O;FRY;7653;43163
E;18_P;FR1;18131;36271
E;18_P;FRB;2551;34956
E;18_P;FRC;4483;53202
E;18_P;FRD;2554;29780
E;18_P;FRE;9615;29111
E;18_P;FRF;4520;16064
E;18_P;FRG;5221;21441
E;18_P;FRH;467;33888
E;18_P;FRI;2300;33241
E;18_P;FRJ;6269;28169
E;18_P;FRK;5043;26809
E;18_P;FRL;5419;29246
E;18_P;FRY;589;44851
E;19_Q;FR1;265202;32468
E;19_Q;FRB;83035;25636
E;19_Q;FRC;54156;23878
E;19_Q;FRD;97928;27317
E;19_Q;FRE;138016;25075
E;19_Q;FRF;168388;25828
E;19_Q;FRG;121941;24697
E;19_Q;FRH;71888;27781
E;19_Q;FRI;168198;24983
E;19_Q;FRJ;153794;28533
E;19_Q;FRK;173248;30040
E;19_Q;FRL;174313;24909
E;19_Q;FRY;42670;27131
E;20_R;FR1;67755;45306
E;20_R;FRB;4759;33137
E;20_R;FRC;2263;27677
E;20_R;FRD;3433;30794
E;20_R;FRE;11253;40360
E;20_R;FRF;14106;43176
E;20_R;FRG;10900;31824
E;20_R;FRH;1166;36587
E;20_R;FRI;18064;45563
E;20_R;FRJ;10826;30302
E;20_R;FRK;23052;31861
E;20_R;FRL;15170;39095
E;20_R;FRY;3317;48148
E;21_S;FR1;68650;35656
E;21_S;FRB;6302;29015
E;21_S;FRC;18335;35051
E;21_S;FRD;16373;27999
E;21_S;FRE;21412;24795
E;21_S;FRF;22173;24974
E;21_S;FRG;20728;29484
E;21_S;FRH;7776;32600
E;21_S;FRI;24475;26662
E;21_S;FRJ;15385;24430
E;21_S;FRK;27249;26840
E;21_S;FRL;13585;29762
E;21_S;FRY;8377;36453
E;04_BDE;E;340045;47679
E;05_C;E;2469940;44127
E;06_F;E;983233;37688
E;08_G;E;2440067;35768
E;09_H;E;1289040;36678
E;10_I;E;677072;26020
E;11_J;E;791321;57014
E;12_K;E;740808;63179
E;13_L;E;180073;41836
E;14_M;E;1172054;53458
E;15_N;E;1820998;29012
E;17_O;E;246145;35146
E;18_P;E;67162;31485
E;19_Q;E;1712778;27331
E;20_R;E;186066;40242
E;21_S;E;270820;30096
